customer_id,name,email,age,registration_date,last_purchase_date,total_spent
1,Tom White,tom.white@gmail.com,45.202464405574815,2023-08-26,2024-04-27,33.88
2,David Taylor,david.taylor@yahoo.com,29.546468704580235,2023-02-01,2023-09-20,134.44
3,Chris White,chris.white@company.com,34.09544465092681,2023-02-01,,0.0
4,David Davis,david.davis@gmail.com,43.41550792102679,2023-12-08,2024-05-31,87.41
5,Mike Moore,mike.moore@yahoo.com,24.437357710132073,2020-09-09,2021-07-17,5.89
6,Emma Harris,emma.harris@hotmail.com,19.87622850387688,2023-03-05,2023-03-23,42.02
7,Jane Harris,jane.harris@outlook.com,200.0,2023-06-13,,0.0
8,Anna Jackson,anna.jackson@.com,40.600051783592974,2024-01-28,,0.0
9,Anna Thomas,anna.thomas@hotmail.com,53.25207472591256,2024-08-04,2024-11-05,420.0
10,Mark Jackson,mark.jackson@hotmail.com,23.613001750101954,2021-12-02,2022-09-06,1.96
11,Unknown Customer,unknown@email.com,55.9683583749867,2024-08-27,2025-06-26,2055.28
12,Sam Garcia,sam.garcia@company.com,48.62744176619533,2023-07-23,2024-05-19,2.83
13,Julia Brown,julia.brown@outlook.com,21.72447785106039,2024-09-06,2024-09-15,84.1
14,Sarah Thomas,sarah.thomas@company.com,49.6769968051439,2022-08-05,2023-01-16,6.26
15,Unknown Customer,unknown@email.com,31.89374719556202,2024-08-17,2025-02-05,106.41
16,David Thomas,david.thomas@outlook.com,12.052940294962678,2022-05-19,,0.0
17,Sarah Thomas,sarah.thomas@hotmail.com,34.17639144697438,2022-07-28,2022-10-12,293.37
18,Jane Jackson,jane.jackson@yahoo.com,45.93635266609666,2020-07-31,,0.0
19,David Johnson,david.johnson@gmail.com,36.269045495257764,2021-05-22,2022-01-22,182.79
20,Sam Harris,sam.harris@,38.16824097600404,2020-07-23,2020-12-25,6.53
21,Tom Anderson,tom.anderson@hotmail.com,50.268242001281216,2024-03-19,2024-08-28,236.7
22,Unknown Customer,unknown@email.com,33.52749279685131,2020-03-17,2020-12-19,36.4
23,Sarah Johnson,sarah.johnson@gmail.com,36.12046849131981,2021-02-13,,0.0
24,Jane Garcia,jane.garcia@hotmail.com,53.196728663042876,2021-07-04,,0.0
25,Sophie Davis,sophie.davis@outlook.com,42.225419844709805,2023-07-22,2024-05-24,6.79
26,Sam Johnson,sam.johnson@hotmail.com,38.09303048171301,2022-05-30,2023-01-31,414.91
27,Jane Jackson,jane.jackson@hotmail.com,20.098873094220508,2024-01-05,2024-07-10,1272.97
28,Julia Anderson,julia.anderson@hotmail.com,12.106309305471308,2021-07-31,2022-04-30,62.61
29,Anna Thomas,anna.thomas@yahoo.com,24.675379870645976,2022-09-08,2023-01-11,30.86
30,David Martin,david.martin@outlook.com,41.678637494405095,2020-05-21,2020-07-11,16.94
31,David Anderson,david.anderson@outlook.com,18.974221170801307,2023-01-12,2023-12-05,164.5
32,Anna Harris,anna.harris@gmail.com,33.87636573512995,2021-06-28,2021-09-05,256.05
33,Alex Martin,alex.martin@yahoo.com,50.909559770506284,2023-03-27,,0.0
34,John Thomas,john.thomas@outlook.com,16.76784709427789,2022-08-15,2023-05-19,30.87
35,Emma Smith,emma.smith@yahoo.com,1.0141328226731634,2021-09-15,2021-09-30,599.5
36,Emma White,emma.white@hotmail.com,30.06288071460797,2021-12-21,2022-06-18,143.6
37,Emma Brown,emma.brown@hotmail.com,48.84680881106897,2020-09-20,2021-01-17,61.55
38,Mark Wilson,mark.wilson@gmail.com,37.285086679100694,2024-07-18,2024-11-29,88.36
39,Sophie Thomas,sophie.thomas@company.com,40.39062465542041,2022-11-05,,0.0
40,Alex Anderson,alex.anderson@hotmail.com,40.44210455065361,2022-12-18,2022-12-26,12.41
41,John Taylor,john.taylor@hotmail.com,23.212471588943846,2020-03-03,2020-03-07,161.51
42,Emma Wilson,emma.wilson@outlook.com,23.447209216584653,2021-07-14,2021-12-10,13.55
43,Emma Moore,emma.moore@gmail.com,32.52066464364744,2023-08-05,2023-12-26,25.63
44,John Brown,john.brown@company.com,43.57531748763942,2023-09-17,,0.0
45,Julia Brown,julia.brown@company.com,10.400704657070264,2023-07-02,2024-04-20,48.95
46,Sophie Taylor,sophie.taylor@outlook.com,18.539915633234408,2021-08-28,2021-11-28,928.82
47,Chris White,chris.white@hotmail.com,26.48670797086944,2022-04-09,,0.0
48,Sam Jackson,sam.jackson@hotmail.com,28.3334386461576,2023-07-18,2023-10-10,78.04
49,Unknown Customer,unknown@email.com,37.452668379235725,2021-07-11,2022-06-29,15.47
50,Sam Taylor,sam.taylor@hotmail.com,33.87935769320062,2022-07-30,2023-02-12,88.87
51,Tom Davis,tom.davis@gmail.com,28.648014650619547,2023-06-23,,0.0
52,Chris Taylor,chris.taylor@yahoo.com,56.0591968597669,2020-06-05,2021-01-23,130.43
53,Mark Martin,mark.martin@,35.22081956940126,2022-09-11,2022-10-19,334.9
54,Chris White,chris.white@outlook.com,37.703169406970595,2023-01-16,2023-06-08,52.64
55,Anna Johnson,anna.johnson@outlook.com,43.312673061402315,2022-12-25,2023-08-03,18.89
56,Julia Thomas,julia.thomas@hotmail.com,26.203604053712127,2020-02-02,,0.0
57,Anna Harris,anna.harris@gmail.com,56.816743070693896,2021-07-11,2022-07-09,1502.35
58,Sarah Garcia,sarah.garcia@outlook.com,49.40637990168647,2022-04-04,2023-01-06,89.17
59,Sophie Taylor,sophie.taylor@company.com,36.68431843817656,2022-12-14,2023-10-08,15.6
60,Chris Garcia,chris.garcia@hotmail.com,34.32093813320125,2024-03-23,2024-04-07,51.96
61,Alex White,alex.white@yahoo.com,49.62764947752396,2023-04-14,2023-10-27,25.65
62,Sarah Martin,sarah.martin@outlook.com,33.86649542669597,2023-09-02,2023-12-04,371.22
63,Chris Moore,chris.moore@gmail.com,40.03531966428942,2021-10-23,2021-12-14,128.47
64,Alex Garcia,alex.garcia@outlook.com,33.44579303763871,2020-11-05,2021-05-05,34.15
65,Mike Jackson,mike.jackson@hotmail.com,41.958287423541584,2021-05-09,2022-03-13,256.31
66,Sam White,sam.white@yahoo.com,54.79377073188705,2021-08-01,2021-12-14,46.05
67,Emma Thomas,emma.thomas@gmail.com,47.847326719750235,2024-02-19,,0.0
68,Julia Smith,julia.smith@hotmail.com,19.482301474896225,2021-12-31,2022-05-13,50.21
69,Anna Garcia,anna.garcia@hotmail.com,41.86868373410811,2022-08-28,2023-04-05,18.19
70,Mike Smith,mike.smith@outlook.com,31.389683034310085,2024-05-25,2025-02-04,17.99
71,Emma Smith,emma.smith@yahoo.com,20.486276774974336,2021-01-10,2021-07-24,1314.87
72,Jane Johnson,jane.johnson@outlook.com,47.58448551699876,2024-02-15,2024-08-31,236.69
73,Chris Wilson,chris.wilson@gmail.com,54.86488535705954,2022-06-05,2023-05-09,3.6
74,John Brown,john.brown@gmail.com,35.001188262221845,2024-04-04,2024-11-02,13.12
75,David Harris,david.harris@hotmail.com,30.516055060829956,2020-11-24,2021-02-14,9.85
76,Lisa Taylor,lisa.taylor@gmail.com,28.912743072874253,2023-04-05,2024-02-28,59.73
77,Mark Anderson,mark.anderson@company.com,36.00177350623821,2022-11-12,,0.0
78,Sam Moore,sam.moore@,28.760298939109738,2021-04-13,,0.0
79,Sarah Johnson,sarah.johnson@outlook.com,0.0,2020-01-13,2020-11-19,29.3
80,Mark Smith,mark.smith@outlook.com,23.350972549242776,2022-12-11,2023-03-26,519.53
81,Mark Moore,mark.moore@gmail.com,200.0,2024-06-23,2024-07-08,33.45
82,Mike Davis,mike.davis@company.com,51.94936881909706,2023-04-29,2023-11-26,1072.85
83,Sarah Brown,sarah.brown@hotmail.com,45.16124930259792,2021-10-14,,0.0
84,Sam Brown,sam.brown@hotmail.com,9.473270955782056,2021-09-12,2022-08-22,48.15
85,Chris Davis,@chris.davis.com,26.508489262135686,2023-08-16,2024-06-12,1605.29
86,Emma Taylor,emma.taylor@outlook.com,26.453913629887477,2021-02-20,2021-08-04,40.31
87,John White,john.white@hotmail.com,45.10380434542552,2021-02-20,,0.0
88,Alex Johnson,alex.johnson@hotmail.com,30.569513594630646,2021-02-20,,0.0
89,Julia Jackson,julia.jackson@gmail.com,0.11614136814030296,2023-10-11,,0.0
90,Anna Jackson,anna.jackson@yahoo.com,30.502135320538326,2022-09-27,2022-12-01,41.48
91,Sarah Harris,sarah.harris@gmail.com,50.94368993897877,2024-08-02,2025-05-11,228.1
92,John Garcia,john.garcia@hotmail.com,38.75821368637976,2021-08-28,2022-06-06,178.33
93,David White,david.white@hotmail.com,21.147647981204187,2020-08-16,2021-05-09,7.85
94,Alex Brown,alex.brown@outlook.com,13.978054318979371,2021-06-20,2022-01-23,61.92
95,Mike Davis,mike.davis@gmail.com,23.651047271638625,2022-10-31,2023-02-13,28.92
96,Emma Smith,emma.smith@gmail.com,42.29895430021962,2020-05-05,2021-03-31,26.21
97,Mark Smith,mark.smith@outlook.com,22.973395772879304,2024-03-14,2024-04-30,61.47
98,Lisa Anderson,lisa.anderson@company.com,25.970777151763578,2021-09-19,2022-01-26,35.44
99,Mike Garcia,mike.garcia@gmail.com,46.74106534433642,2022-11-03,2023-03-30,71.85
100,Alex Martin,alex.martin@gmail.com,41.26571055120723,2020-10-07,2020-12-18,12.34
101,Julia Johnson,julia.johnson@gmail.com,20.63853624288426,2022-04-16,2022-05-13,5.73
102,Mike Martin,mike.martin@company.com,45.72437227266933,2024-02-15,2024-08-07,243.12
103,John Davis,john.davis@hotmail.com,45.71544644130523,2021-06-04,2021-08-03,313.13
104,David Davis,david.davis@gmail.com,56.955442420593045,2021-03-09,2021-11-23,218.88
105,Emma Taylor,emma.taylor@.com,16.579517029611683,2023-11-10,2024-01-01,57.48
106,John Harris,john.harris@yahoo.com,12.439879593106836,2020-09-13,2020-12-18,31.7
107,Lisa Taylor,lisa.taylor@gmail.com,37.22210644195897,2023-09-30,2024-08-11,21.59
108,Julia Moore,julia.moore@company.com,40.10533837021007,2022-05-07,2023-02-06,16.57
109,Mike Moore,mike.moore@outlook.com,200.0,2021-04-08,2021-11-28,48.23
110,Mark Johnson,mark.johnson@yahoo.com,18.137009710720292,2023-03-21,2023-09-03,300.15
111,John Harris,john.harris@company.com,34.570523768740436,2023-11-23,2024-09-09,19.18
112,John Wilson,john.wilson@.com,26.357250949772585,2023-12-12,2024-06-24,301.03
113,Mike Davis,mike.davis@outlook.com,35.22913663949078,2020-03-14,2020-08-04,6.12
114,Unknown Customer,unknown@email.com,22.92476774809418,2021-05-11,2021-08-09,77.69
115,John Harris,john.harris@company.com,35.001188262221845,2021-05-11,,0.0
116,Tom Garcia,tom.garcia@gmail.com,30.87228714279445,2021-05-11,,0.0
117,Mike Harris,mike.harris@gmail.com,19.97390663042792,2021-01-07,2021-12-06,105.69
118,Unknown Customer,unknown@email.com,44.18971389591461,2023-09-06,2024-01-16,24.99
119,John Garcia,john.garcia@.com,39.40604192280121,2021-07-28,2021-11-03,11.29
120,Mike Harris,mike.harris@company.com,20.184890650589125,2020-12-11,2021-10-11,194.26
121,Sam Martin,sam.martin@outlook.com,35.001188262221845,2023-05-23,,0.0
122,Chris Smith,chris.smith@gmail.com,34.25468804095778,2021-12-19,2022-05-08,58.14
123,Jane Thomas,jane.thomas@outlook.com,49.746071540870645,2023-05-02,2023-06-15,2849.8
124,Lisa Jackson,lisa.jackson@company.com,49.00265450827827,2021-10-25,2022-02-10,308.05
125,Julia Anderson,julia.anderson@outlook.com,41.114435545231174,2020-01-11,2020-08-24,312.27
126,Sam Moore,sam.moore@hotmail.com,34.31491465023837,2022-11-04,2023-07-15,1.5
127,Sam White,sam.white@outlook.com,32.62739189266845,2021-02-14,2021-07-08,19.72
128,Sophie Smith,sophie.smith@outlook.com,45.57347767135431,2022-12-11,2023-06-23,9.62
129,Alex White,alex.white@outlook.com,43.422509375695036,2021-07-30,2022-05-01,2.8
130,Chris Martin,chris.martin@yahoo.com,50.64906152056394,2023-12-22,,0.0
131,Sophie Brown,sophie.brown@gmail.com,57.06522108519648,2023-06-06,2024-02-25,51.55
132,Emma Martin,emma.martin@gmail.com,25.373572589165587,2023-05-18,2023-10-31,186.45
133,Chris Thomas,chris.thomas@,30.495476532882947,2022-01-12,2022-04-09,12.87
134,Sarah Smith,sarah.smith@yahoo.com,37.42746867663547,2023-02-01,2023-03-19,3.01
135,Julia Garcia,julia.garcia@hotmail.com,32.105567002398246,2022-08-31,,0.0
136,Chris Harris,chris.harris@gmail.com,38.4558511391279,2022-12-13,2023-06-06,14.39
137,Chris Moore,chris.moore@company.com,44.402996822567516,2022-11-20,2023-10-08,42.96
138,Sophie Garcia,sophie.garcia@hotmail.com,-5.0,2020-04-14,,0.0
139,Sophie Jackson,sophie.jackson@outlook.com,35.29829004501523,2024-02-28,2024-03-30,38.54
140,Unknown Customer,unknown@email.com,31.394541574186984,2021-10-29,,0.0
141,Unknown Customer,unknown@email.com,36.18966007301749,2021-09-22,2022-02-25,55.47
142,Lisa White,lisa.white@company.com,24.89945664754389,2020-10-25,2021-01-20,102.32
143,John Anderson,john.anderson@gmail.com,31.605359353764495,2020-04-10,,0.0
144,Anna Harris,anna.harrisgmail.com,27.5711271617935,2022-04-15,2023-02-15,53.47
145,Sarah Moore,sarah.moore@outlook.com,47.82751442330166,2022-05-23,2023-02-07,204.08
146,Sarah Garcia,sarah.garcia@yahoo.com,36.094259286125386,2021-03-22,2021-07-01,13.2
147,Chris Anderson,chris.anderson@company.com,25.187414291238433,2023-04-06,2024-03-24,36.25
148,Tom Johnson,tom.johnson@yahoo.com,15.408767051752122,2023-12-29,2024-10-20,131.31
149,Julia Brown,julia.brown@gmail.com,23.996869456040848,2023-05-30,2023-10-07,83.24
150,Sam Brown,sam.brown@company.com,38.91949061078161,2020-10-04,,0.0
151,Chris Jackson,chris.jackson@gmail.com,34.998570217290876,2024-05-16,2024-08-14,853.07
152,Unknown Customer,unknown@email.com,48.00008525493579,2021-04-10,2021-12-02,13.97
153,Chris Thomas,chris.thomas@hotmail.com,29.485412706058924,2024-06-13,2025-05-11,135.12
154,John Jackson,john.jackson@gmail.com,14.14266032545536,2020-01-30,2021-01-12,21.22
155,Sam Johnson,sam.johnson@.com,65.65623591082539,2023-08-04,2023-10-29,18.15
156,Lisa Thomas,lisa.thomas@hotmail.com,27.293664169588748,2023-08-04,,0.0
157,David Smith,david.smith@company.com,49.16589053567553,2020-12-30,2021-08-01,277.76
158,Chris Wilson,chris.wilson@outlook.com,62.34082383835073,2022-06-23,2022-09-22,52.57
159,Chris Brown,chris.brown@company.com,58.65037124861359,2020-05-10,2020-08-04,81.1
160,Mike Wilson,mike.wilson@outlook.com,34.766375611074835,2022-02-27,,0.0
161,Tom Garcia,tom.garcia@gmail.com,39.14090452335021,2020-06-28,2021-02-09,23.61
162,Sam Smith,sam.smith@outlook.com,50.43803742886317,2023-04-01,2023-12-07,25.62
163,Julia Davis,julia.davis@gmail.com,42.18486819191768,2023-01-24,2023-09-08,5.59
164,Sophie Jackson,sophie.jackson@company.com,23.957137642683474,2020-12-30,2021-02-01,71.75
165,Chris Davis,chris.davis@gmail.com,30.509836688117797,2022-03-10,,0.0
166,Julia Wilson,julia.wilson@yahoo.com,33.133211665737974,2023-06-02,2024-05-12,11.54
167,Sophie Moore,sophie.moore@outlook.com,52.11073699549507,2022-09-07,2023-08-17,44.14
168,Jane Davis,jane.davis@outlook.com,28.051455965982207,2020-07-10,2021-04-23,203.72
169,Sophie Brown,sophie.brown@hotmail.com,37.61630110559078,2021-10-20,2022-08-02,3.85
170,John Anderson,john.anderson@outlook.com,23.254229047026328,2022-02-21,2022-03-05,4862.05
171,Sarah Anderson,sarah.anderson@outlook.com,19.991647244141284,2021-08-07,2022-04-08,17.64
172,Jane Smith,jane.smith@gmail.com,35.263325698583984,2022-05-15,2022-11-19,46.04
173,Mark Davis,mark.davis@company.com,23.86659069127087,2023-05-18,2023-08-17,80.94
174,Jane Brown,jane.brown@yahoo.com,32.12747778189302,2022-10-11,2023-06-24,16.84
175,John Martin,john.martin@company.com,58.913991503240354,2024-07-16,2025-04-18,26.95
176,David Harris,david.harrisgmail.com,25.648452805742817,2024-09-18,2024-11-28,293.47
177,John Anderson,john.anderson@gmail.com,64.33499303099008,2022-05-09,2022-09-16,169.96
178,Anna Martin,anna.martin@outlook.com,28.49261194684803,2023-06-30,,0.0
179,Sam Garcia,sam.garcia@hotmail.com,21.587004152885896,2023-01-04,,0.0
180,Unknown Customer,unknown@email.com,30.69555472341297,2020-05-28,2021-03-15,37.38
181,Mike Taylor,mike.taylor@company.com,46.950463719907134,2023-05-19,2024-01-28,54.45
182,Emma Martin,emma.martin@.com,38.059961008095186,2024-09-04,2024-11-04,67.35
183,Sophie Garcia,sophie.garcia@yahoo.com,36.487009116111736,2021-01-10,2021-11-26,125.98
184,Alex Taylor,alex.taylorgmail.com,25.499487793188862,2020-12-21,2021-11-11,140.94
185,David Johnson,david.johnson@hotmail.com,32.339737040011194,2023-07-20,,0.0
186,Tom Anderson,tom.anderson@company.com,21.207540677409526,2022-10-01,,0.0
187,David Martin,david.martin@company.com,49.429732971836096,2023-10-04,2024-09-02,135.11
188,Sophie Wilson,sophie.wilson@gmail.com,38.805763816525705,2023-12-03,2024-01-26,29.52
189,Mike Smith,mike.smith@gmail.com,26.519242837769127,2023-02-08,2023-05-21,64.17
190,Sarah Johnson,sarah.johnson@gmail.com,45.78378150421881,2023-01-17,2023-11-17,244.04
191,Emma Taylor,emma.taylor@,41.7149247381256,2022-03-04,2022-10-12,1494.73
192,David Harris,david.harris@yahoo.com,25.23763580760517,2021-06-22,2022-06-05,61.53
193,Tom Taylor,tom.taylor@company.com,37.24114465817888,2024-09-13,2025-05-06,24.27
194,Alex Garcia,alex.garcia@company.com,40.67195667292056,2023-06-17,2024-02-29,16.41
195,Julia Davis,julia.davis@outlook.com,27.921088425610925,2024-03-06,,0.0
196,Lisa Martin,lisa.martin@hotmail.com,45.131398737169015,2021-11-07,2021-12-24,136.78
197,John Davis,john.davis@outlook.com,36.579734803031414,2024-03-23,2024-05-21,5.26
198,Unknown Customer,unknown@email.com,27.925191392091186,2023-09-24,2023-10-06,138.99
199,Anna Thomas,anna.thomas@hotmail.com,38.9100902257751,2022-09-12,2022-09-18,142.92
200,Julia Davis,julia.davis@yahoo.com,49.50017381088276,2024-06-25,,0.0
201,Sam Wilson,sam.wilson@outlook.com,49.89376812654472,2023-04-07,2023-06-19,25.53
202,Anna Thomas,anna.thomas@yahoo.com,41.88424436003064,2023-07-08,2024-04-03,78.24
203,David Davis,david.davis@company.com,18.87146445833787,2023-05-07,2024-05-03,39.21
204,Alex Taylor,alex.taylor@company.com,41.06391800093678,2024-09-11,2025-01-05,7.4
205,Sophie Jackson,sophie.jackson@gmail.com,51.80479753754339,2024-02-04,2024-03-04,123.59
206,Sam Jackson,sam.jackson@hotmail.com,41.65069644735247,2022-11-12,2023-08-18,107.14
207,Chris Martin,chris.martin@.com,20.404090006458812,2020-10-22,2021-08-27,28.53
208,Jane Harris,jane.harris@hotmail.com,32.477997106497185,2021-11-11,,0.0
209,Sophie Harris,sophie.harris@hotmail.com,38.434337108576266,2020-07-21,2020-08-06,1448.95
210,Lisa Taylor,lisa.taylor@gmail.com,5.018076945542589,2020-08-31,,0.0
211,Emma Jackson,emma.jackson@company.com,26.26793174172531,2020-08-31,,0.0
212,Mark Jackson,mark.jackson@outlook.com,35.11358232827218,2024-06-02,,0.0
213,Tom Wilson,tom.wilson@gmail.com,41.56353314555948,2022-06-25,2022-12-22,55.12
214,Emma Martin,emma.martin@gmail.com,35.82614877540623,2024-06-13,2024-10-11,3.41
215,Sarah Smith,sarah.smith@company.com,60.244077236740644,2023-05-29,,0.0
216,Alex Martin,alex.martin@hotmail.com,42.15676482941184,2024-07-06,2024-07-07,266.17
217,Lisa Harris,lisa.harris@company.com,15.34874099051994,2020-09-30,2021-05-09,178.12
218,Tom Harris,tom.harris@hotmail.com,36.43520315200525,2024-06-26,2025-02-13,215.1
219,Mark Jackson,mark.jackson@hotmail.com,30.994653549933354,2023-09-14,2023-12-26,12.42
220,Chris Garcia,chris.garcia@yahoo.com,22.852719717955818,2024-08-18,2024-12-06,75.13
221,Tom Johnson,tom.johnson@hotmail.com,35.001188262221845,2022-06-17,2022-07-07,53.76
222,Sophie Davis,sophie.davis@company.com,31.373832956208542,2022-02-20,2022-07-03,42.06
223,Tom Thomas,tom.thomas@company.com,3.762354946072417,2022-06-29,2022-08-02,406.62
224,Mike Martin,mike.martin@company.com,53.36234238636022,2022-04-11,,0.0
225,Alex Harris,alex.harris@company.com,42.979125947620894,2023-10-11,2023-12-30,56.26
226,Emma Smith,emma.smith@outlook.com,40.95439024835979,2024-08-17,,0.0
227,Lisa Jackson,lisa.jackson@gmail.com,28.576199449188092,2022-01-03,,0.0
228,Unknown Customer,unknown@email.com,32.80219434736046,2022-08-16,2022-09-18,29.97
229,Tom Wilson,tom.wilson@company.com,30.719922389841546,2022-12-24,2022-12-31,29.55
230,Unknown Customer,unknown@email.com,35.54267250799979,2023-03-26,2023-04-19,11.2
231,Anna Wilson,anna.wilson@outlook.com,35.614374822573026,2022-01-16,2022-08-20,64.87
232,Mike Davis,mike.davis@.com,41.00288563323884,2021-01-29,,0.0
233,Sam Thomas,sam.thomas@outlook.com,28.596796322729997,2024-05-16,2025-04-11,464.51
234,Sam Smith,sam.smith@gmail.com,40.21724077468269,2024-05-10,2025-02-22,33.62
235,Lisa Brown,lisa.brown@yahoo.com,40.70516819031948,2020-08-27,2021-03-13,81.71
236,Alex White,alex.white@company.com,50.35422403712191,2023-07-12,2024-05-16,41.11
237,Emma Moore,emma.moore@hotmail.com,8.398173927751227,2020-03-10,2021-02-05,47.97
238,Anna Wilson,anna.wilson@yahoo.com,23.412022357721504,2020-07-16,2020-12-29,191.47
239,Anna Davis,anna.davis@hotmail.com,54.54999637881134,2020-07-16,,0.0
240,Sophie Harris,sophie.harris@company.com,28.01861559929535,2022-09-08,2022-12-20,11.01
241,Anna Wilson,anna.wilson@outlook.com,20.91344042709233,2022-05-08,2023-04-06,5.96
242,Mark Moore,mark.moore@hotmail.com,52.96918019815551,2022-08-31,2023-05-03,266.85
243,Unknown Customer,unknown@email.com,57.29242812245279,2020-11-20,,0.0
244,David Davis,david.davis@hotmail.com,43.14736385314679,2020-10-14,2021-10-05,50000.0
245,Tom Martin,tom.martin@company.com,35.001188262221845,2022-08-24,2022-09-18,62.8
246,Tom Moore,tom.moore@yahoo.com,25.25117181275096,2021-12-14,,0.0
247,David Thomas,david.thomas@hotmail.com,42.378096767635675,2022-07-14,,0.0
248,Emma Garcia,emma.garcia@hotmail.com,56.34386151845898,2023-11-21,2024-05-09,3.01
249,Tom Wilson,tom.wilson@gmail.com,30.22229587293836,2020-08-26,2020-12-25,394.61
250,Unknown Customer,unknown@email.com,27.656934543058757,2020-01-25,2020-10-17,109.09
251,John Johnson,john.johnson@hotmail.com,34.97916172069166,2024-05-13,2025-04-20,18.56
252,John White,john.white@company.com,32.265344221392056,2020-12-22,2021-05-16,59.05
253,Sam Thomas,sam.thomas@company.com,35.001188262221845,2023-03-27,2023-05-12,87.26
254,Mark Smith,mark.smith@outlook.com,33.64246336981112,2022-12-07,2022-12-26,196.87
255,Jane Thomas,jane.thomas@hotmail.com,19.409403638650108,2023-12-25,2024-08-14,27.43
256,John Wilson,john.wilson@hotmail.com,46.50062983810451,2020-09-24,2021-06-02,103.21
257,Lisa Harris,lisa.harris@outlook.com,35.61993172221296,2022-06-20,2023-02-07,8.78
258,Sam Wilson,sam.wilsongmail.com,37.69207588133699,2022-03-03,2022-04-18,9.52
259,David Taylor,david.taylor@outlook.com,45.84821065713577,2021-05-04,2021-07-28,75.45
260,David Jackson,david.jackson@.com,19.759266935455614,2020-02-18,2020-02-21,72.94
261,John Wilson,john.wilson@yahoo.com,38.443470251620504,2021-02-16,2021-07-23,291.47
262,Julia Smith,julia.smith@gmail.com,60.49725683620354,2023-03-14,2024-02-10,77.51
263,Tom Davis,tom.davis@yahoo.com,50.976068743860836,2021-02-23,2021-06-17,21.97
264,John Anderson,john.anderson@outlook.com,35.85504499893071,2024-05-03,,0.0
265,Anna Anderson,anna.anderson@yahoo.com,19.47790849755085,2022-07-04,2022-09-01,75000.0
266,Unknown Customer,unknown@email.com,47.8205520043282,2024-04-27,2024-12-22,281.37
267,Lisa Moore,lisa.moore@hotmail.com,42.249450675062214,2022-08-21,2022-11-24,78.5
268,Jane Harris,jane.harris@hotmail.com,62.64366502525747,2023-08-09,2024-07-08,15.23
269,Anna Wilson,anna.wilson@gmail.com,17.246669322323314,2023-07-18,2024-07-14,41.2
270,Mark Thomas,mark.thomas@gmail.com,23.319453943675583,2020-05-18,2020-08-23,192.66
271,Sam Taylor,sam.taylor@hotmail.com,47.085600037677914,2020-08-17,2020-09-02,15.83
272,David Garcia,david.garcia@hotmail.com,25.112774156336002,2024-09-23,2025-05-11,26.07
273,Mike Taylor,mike.taylor@outlook.com,26.370686582609768,2024-06-17,,0.0
274,Anna Johnson,anna.johnson@hotmail.com,44.38556001837751,2020-03-28,2020-12-13,821.76
275,Jane Johnson,jane.johnson@gmail.com,25.509207419989362,2023-05-12,,0.0
276,Mark Brown,mark.brown@,35.40832893286679,2021-08-23,2021-11-26,640.43
277,Sarah Thomas,sarah.thomas@gmail.com,36.33647122208063,2024-06-17,2025-02-03,42.94
278,Emma Harris,emma.harris@hotmail.com,23.17035429598608,2020-08-01,2021-02-08,37.9
279,Sophie Brown,sophie.brown@hotmail.com,31.590138824854435,2021-11-28,2022-10-28,39.54
280,Tom Davis,tom.davis@company.com,11.261297007502277,2020-01-12,2020-02-02,303.41
281,John Jackson,john.jackson@company.com,35.56321882472444,2020-02-01,2020-06-21,256.49
282,Sarah Anderson,sarah.anderson@yahoo.com,16.48638181748425,2020-08-24,2020-11-16,97.74
283,Unknown Customer,unknown@email.com,27.40693964137953,2021-07-11,2021-08-28,68.25
284,Jane Martin,jane.martin@company.com,40.058553002438735,2023-01-08,2023-02-07,42.23
285,Mark White,@mark.white.com,38.20182075554482,2022-09-13,2023-01-31,2631.63
286,Alex Taylor,alex.taylor@yahoo.com,29.03681569858426,2021-04-17,2022-01-24,7.42
287,Sam White,sam.white@company.com,32.80917230744551,2020-04-21,2021-02-26,31.04
288,Emma Davis,emma.davis@yahoo.com,38.10393377426466,2024-07-12,2025-04-08,87.72
289,Emma Thomas,emma.thomas@hotmail.com,37.552877310291926,2021-05-07,2021-09-12,5.69
290,Mike White,mike.white@gmail.com,40.33728569397914,2024-02-18,,0.0
291,Jane Martin,jane.martin@hotmail.com,25.092155806374294,2024-04-27,2024-11-30,23.69
292,Mike Wilson,mike.wilson@yahoo.com,36.92587548768176,2024-04-21,2025-01-14,1465.83
293,Anna Jackson,anna.jackson@hotmail.com,61.55037247276691,2024-04-19,2024-09-13,228.96
294,David Moore,david.moore@gmail.com,49.31282198499697,2020-12-01,,0.0
295,Alex Harris,alex.harris@company.com,19.905582129093343,2020-05-26,2021-04-06,23.42
296,Jane Smith,jane.smith@.com,47.353489779180286,2021-11-15,2022-08-14,22.44
297,Tom White,tom.white@gmail.com,45.46778456034141,2021-01-09,2021-09-16,7.5
298,Unknown Customer,unknown@email.com,35.87836389202033,2021-05-18,2021-09-29,28.39
299,Alex Moore,alex.moore@outlook.com,33.19708413442089,2023-12-22,2024-04-26,128.12
300,Julia White,julia.white@gmail.com,37.144336601725705,2023-12-15,2024-05-04,96.97
301,Tom Smith,tom.smith@outlook.com,49.750577411564606,2021-11-10,2022-06-24,30.6
302,John Anderson,john.anderson@hotmail.com,50.304688855988175,2024-07-30,,0.0
303,Tom Davis,tom.davis@hotmail.com,33.17942679707325,2023-04-27,2024-02-27,13.82
304,Sam Anderson,sam.anderson@company.com,49.61833654105107,2021-01-13,2021-02-22,41.41
305,Sophie Harris,sophie.harris@yahoo.com,47.6884196645387,2020-12-29,,0.0
306,Emma Johnson,@emma.johnson.com,46.19753686809283,2021-09-29,2022-05-12,40.09
307,Julia White,julia.white@yahoo.com,32.32735159068071,2020-12-02,2021-07-18,183.92
308,Chris Brown,@chris.brown.com,24.004148971118962,2020-07-13,2020-08-04,77.17
309,Julia White,julia.white@outlook.com,24.95695155444464,2021-10-14,2022-04-05,62.74
310,Tom Johnson,tom.johnson@outlook.com,40.08880233822141,2022-06-23,2022-09-17,352.23
311,Mike Brown,mike.brown@yahoo.com,35.47336457888888,2021-07-19,2021-08-01,629.67
312,Alex Taylor,alex.taylor@outlook.com,47.15164891572886,2021-07-26,2021-10-18,95.16
313,Sophie Taylor,sophie.taylor@hotmail.com,33.10215386753216,2023-04-16,2024-02-28,98.88
314,Chris Moore,chris.moore@hotmail.com,32.8226111690298,2024-04-15,2025-01-20,45.8
315,Anna Thomas,@anna.thomas.com,33.72395596962422,2023-01-08,2023-06-23,15.55
316,Sarah Thomas,sarah.thomas@gmail.com,27.535582333347424,2022-02-04,2022-04-13,209.28
317,Mike Thomas,mike.thomas@company.com,41.992850998086375,2022-06-14,,0.0
318,Sam Davis,@sam.davis.com,45.29617034362575,2021-11-18,2022-05-15,150.59
319,Jane Anderson,jane.anderson@gmail.com,25.061644724417185,2020-02-16,2020-10-25,51.6
320,Anna Brown,anna.brown@gmail.com,44.518108258624125,2021-09-10,2022-03-30,77.54
321,David Moore,david.moore@yahoo.com,33.53531441454467,2020-05-02,2020-07-30,313.4
322,Jane White,jane.white@outlook.com,26.423831876114818,2020-05-02,,0.0
323,Tom Moore,tom.moore@yahoo.com,41.25535886016577,2022-04-20,2022-09-04,415.11
324,John Wilson,john.wilson@outlook.com,23.058218217759446,2021-08-29,2022-02-11,1.57
325,Lisa Moore,lisa.moore@company.com,32.821962054371994,2021-07-19,2022-06-27,21.31
326,Sarah Garcia,sarah.garcia@outlook.com,27.968867920186938,2022-08-22,,0.0
327,Julia Garcia,julia.garcia@yahoo.com,38.94928134452155,2022-12-18,2023-11-04,51.35
328,Chris Thomas,chris.thomas@yahoo.com,50.03411161312981,2022-04-05,2023-03-20,11.17
329,Mike Anderson,mike.anderson@yahoo.com,29.621304604398205,2024-05-11,2024-08-19,75000.0
330,Emma Moore,emma.moore@gmail.com,38.32830154357611,2023-01-18,2023-04-05,80.73
331,Anna White,anna.white@gmail.com,34.73265224979544,2021-07-10,2021-12-30,49.54
332,Lisa Moore,lisa.mooregmail.com,37.709138277341054,2021-06-16,2022-01-19,62.77
333,Emma Moore,emma.moore@yahoo.com,35.21135902320389,2020-02-21,2020-05-05,84.01
334,Alex Johnson,alex.johnson@gmail.com,42.97643294399732,2022-12-26,2023-09-08,224.88
335,Emma Jackson,emma.jacksongmail.com,28.364949951592376,2020-10-26,2021-01-12,137.03
336,Anna Wilson,anna.wilson@company.com,35.001188262221845,2022-04-11,2022-07-16,52.0
337,Lisa Davis,lisa.davis@company.com,37.82465912657615,2022-12-27,2023-09-26,3.78
338,John Davis,john.davis@gmail.com,19.090474743749027,2024-07-09,2025-01-04,24.54
339,Sam Smith,sam.smith@hotmail.com,34.80898585997309,2023-07-07,2023-11-16,21.0
340,Lisa Wilson,lisa.wilson@yahoo.com,45.99212383749308,2021-09-11,2022-06-10,165.92
341,Sam Davis,sam.davis@outlook.com,22.324064008331106,2024-09-06,,0.0
342,Mike Smith,mike.smith@hotmail.com,22.29795534805025,2022-11-12,2023-03-01,69.16
343,Emma Jackson,emma.jackson@gmail.com,24.305396623497206,2020-10-17,2021-04-15,73.14
344,Sophie Harris,sophie.harris@outlook.com,38.83559211100972,2020-07-04,2020-09-21,16.55
345,Emma Johnson,emma.johnson@gmail.com,25.343305130979427,2021-05-06,2021-09-04,445.47
346,Sam Wilson,sam.wilson@yahoo.com,36.02094838375988,2022-12-26,2023-03-06,72.39
347,Unknown Customer,unknown@email.com,53.8383972351196,2020-10-11,2020-10-31,15.23
348,Sam Anderson,sam.anderson@outlook.com,35.823644581132584,2020-10-11,,0.0
349,Mike Garcia,mike.garcia@yahoo.com,27.329233264638415,2022-09-15,2022-11-23,16.78
350,David Garcia,david.garcia@company.com,24.309324656695296,2021-01-22,2021-05-04,89.89
351,Jane Garcia,jane.garcia@company.com,40.857257812631666,2021-02-20,2021-07-15,14.46
352,Mark Thomas,mark.thomas@outlook.com,24.58323311989723,2021-01-21,,0.0
353,Mike Brown,mike.brown@outlook.com,44.48454230051423,2023-06-10,,0.0
354,Lisa Harris,lisa.harris@gmail.com,50.606322303152076,2020-10-03,2021-04-08,21.39
355,Emma White,emma.white@hotmail.com,28.957950057352413,2020-07-31,2021-07-16,10.47
356,Julia Harris,julia.harris@company.com,33.864514488208535,2023-02-19,,0.0
357,David Wilson,david.wilson@,41.687651525365844,2021-08-22,2021-10-12,163.73
358,Mark Garcia,mark.garcia@outlook.com,33.39025788480251,2021-06-24,2021-09-19,14.93
359,Sarah Thomas,sarah.thomas@hotmail.com,50.77735790715804,2021-03-26,2021-05-07,592.46
360,Alex Johnson,alex.johnson@yahoo.com,28.213864541388244,2022-12-20,2023-08-03,108.59
361,Chris Anderson,chris.anderson@hotmail.com,38.34790153698169,2024-09-05,2025-02-18,10.41
362,Mike Martin,mike.martin@outlook.com,45.34180163862589,2020-11-29,2021-03-21,135.04
363,Chris Smith,chris.smith@company.com,18.177103187405145,2022-06-09,2022-12-04,446.86
364,John Taylor,john.taylor@company.com,50.84221036638101,2020-05-23,2021-01-24,48.74
365,David Anderson,david.anderson@yahoo.com,31.662569236265142,2022-09-24,2023-08-07,548.03
366,Chris Brown,chris.brown@gmail.com,30.953742346505926,2020-02-24,2020-10-18,111.86
367,Mike Taylor,mike.taylor@gmail.com,23.177667166551828,2023-12-17,2024-08-19,22.97
368,Sophie Davis,sophie.davis@company.com,51.859307950617435,2022-03-07,2022-03-17,1512.46
369,Tom Smith,tom.smith@,31.064696956791693,2024-08-21,2025-05-12,7.23
370,Chris White,chris.white@outlook.com,44.61297156545823,2022-09-11,2023-06-12,33.7
371,Lisa Thomas,lisa.thomas@outlook.com,36.713712709311,2022-05-14,2022-11-02,52.0
372,David White,david.white@outlook.com,28.06699390214988,2024-07-31,2025-06-06,1070.15
373,Julia Davis,julia.davis@gmail.com,28.565934000512122,2024-04-25,2025-04-10,169.99
374,Sophie Wilson,sophie.wilson@outlook.com,150.0,2023-11-11,2023-12-07,128.6
375,John Moore,john.moore@,31.831546856067185,2021-07-17,2021-12-02,18.44
376,Sam Davis,sam.davisgmail.com,57.506857520412076,2023-12-06,2024-12-03,46.07
377,Sarah Anderson,sarah.anderson@company.com,54.42882177329697,2024-07-02,,0.0
378,Emma Wilson,emma.wilson@company.com,23.869227765650496,2022-01-06,2022-05-05,23.74
379,Sarah Harris,sarah.harris@company.com,47.83135349086929,2020-09-04,2021-05-07,121.9
380,Mark Brown,mark.brown@yahoo.com,35.00852145879156,2020-03-07,2021-02-28,334.79
381,Sarah Jackson,sarah.jackson@.com,32.89461404324588,2023-09-12,2023-10-28,2340.63
382,David Davis,david.davis@hotmail.com,16.917520174361997,2021-04-14,2022-02-03,27.73
383,Sophie Anderson,sophie.anderson@gmail.com,34.94889215312948,2021-10-24,2022-05-04,6.97
384,Emma Taylor,emma.taylor@outlook.com,43.74511139772535,2024-06-19,2024-09-07,34.52
385,Julia White,@julia.white.com,18.23003211296883,2022-02-13,2023-01-05,100000.0
386,Tom Anderson,tom.anderson@yahoo.com,27.767937385296033,2023-02-10,2023-07-01,39.91
387,Alex Smith,alex.smith@gmail.com,14.000137414116017,2021-03-31,2021-12-21,8.75
388,Unknown Customer,unknown@email.com,15.034961659616098,2020-05-11,2020-12-06,2.75
389,Anna Harris,anna.harris@outlook.com,47.58950500688031,2022-07-17,2022-12-29,40.49
390,Sarah Wilson,sarah.wilson@gmail.com,51.121882498208755,2024-02-14,,0.0
391,Emma Jackson,emma.jackson@yahoo.com,13.251984994751336,2022-06-15,2022-11-14,7.93
392,Sam Jackson,sam.jackson@company.com,30.908999526896775,2021-07-19,2022-04-13,141.94
393,Mike Martin,@mike.martin.com,32.03206720306613,2023-03-30,2023-12-10,0.81
394,Alex Moore,alex.moore@yahoo.com,35.001188262221845,2021-06-11,2021-10-30,96.81
395,John Garcia,john.garcia@company.com,6.62117089531262,2024-03-06,2024-06-10,11.4
396,Sophie Garcia,sophie.garcia@yahoo.com,43.53819188322487,2023-05-26,2024-01-08,132.3
397,Chris Thomas,chris.thomas@gmail.com,62.17109753525336,2022-12-21,2023-10-31,10.66
398,Lisa Taylor,lisa.taylor@hotmail.com,43.18515473119872,2022-12-01,2023-03-29,774.8
399,Sam Wilson,sam.wilson@company.com,18.404780596198627,2022-04-20,2023-04-07,710.62
400,David Thomas,david.thomas@hotmail.com,20.829158581150335,2023-02-12,,0.0
401,Alex Wilson,@alex.wilson.com,34.84902340618883,2020-04-15,2020-08-17,256.55
402,Mike Davis,mike.davis@gmail.com,43.67220129447153,2024-02-04,,0.0
403,Mark Moore,mark.moore@company.com,35.31593400731179,2022-06-11,2022-11-10,94.91
404,Jane White,jane.white@outlook.com,43.80143459769302,2021-04-25,2021-08-19,3.34
405,John White,john.white@company.com,16.212506523326574,2024-01-20,2024-09-27,7.77
406,Unknown Customer,unknown@email.com,47.311015828631334,2021-12-11,2022-05-10,17.31
407,Lisa Anderson,lisa.anderson@yahoo.com,51.497586974757986,2022-11-10,2023-03-10,11.79
408,Sarah Moore,sarah.moore@company.com,21.838569950607834,2022-03-25,2023-03-11,99.84
409,Unknown Customer,unknown@email.com,36.86359809778927,2021-02-20,2021-12-15,15.19
410,Tom White,tom.white@outlook.com,12.987304324633005,2024-03-15,2024-03-17,97.81
411,Anna Johnson,anna.johnsongmail.com,24.454557340014706,2021-01-18,2021-03-24,119.13
412,Chris Smith,chris.smith@company.com,47.995553252229335,2022-03-20,2022-07-19,268.29
413,John Davis,john.davis@outlook.com,50.77154012621302,2021-04-17,2021-12-20,450.76
414,Anna Martin,anna.martin@outlook.com,36.58003321562465,2020-10-01,2021-06-26,77.35
415,Chris Smith,chris.smith@gmail.com,47.39689981518219,2024-02-22,2024-06-13,433.17
416,Julia Taylor,julia.taylor@outlook.com,47.14216500367298,2020-11-21,2021-09-21,25.15
417,Emma Brown,emma.brown@gmail.com,24.988243111513135,2020-03-29,2021-01-23,64.22
418,Julia Martin,julia.martin@yahoo.com,42.0013157419768,2020-12-15,2021-04-30,463.35
419,Tom Garcia,tom.garcia@hotmail.com,35.001188262221845,2020-03-27,2021-01-24,98.16
420,Mike Johnson,mike.johnson@company.com,26.736943704360478,2023-03-23,2023-10-31,16.14
421,Mike Johnson,mike.johnson@outlook.com,29.992494718255976,2020-09-20,2021-03-06,49.97
422,Anna Smith,anna.smith@outlook.com,36.69860934895212,2021-02-24,2021-08-09,877.44
423,Lisa Brown,lisa.brown@gmail.com,5.923442011981596,2022-09-19,2023-02-04,3.85
424,John Anderson,john.anderson@outlook.com,16.820908695559368,2020-01-04,2020-12-15,29.03
425,Chris Brown,chris.brown@outlook.com,25.387196115202112,2022-09-12,2023-04-09,4143.81
426,Sophie Brown,sophie.brown@gmail.com,36.65957740159893,2023-02-07,2023-06-20,124.34
427,Anna Smith,anna.smith@yahoo.com,28.949348432934084,2021-08-05,2022-06-09,90.96
428,Unknown Customer,unknown@email.com,28.183706800488906,2021-01-15,2021-04-22,17.58
429,Jane Taylor,jane.taylor@company.com,25.01167142843706,2020-12-09,2021-06-10,23.28
430,John Thomas,john.thomas@gmail.com,49.3164630151365,2024-05-11,2025-02-20,22.69
431,Emma Taylor,emma.taylor@gmail.com,33.21152820595781,2020-12-07,2021-12-02,760.47
432,Tom Anderson,tom.anderson@hotmail.com,34.681817015252506,2024-07-09,2025-03-16,39.54
433,Sam Wilson,sam.wilson@company.com,39.53684955201683,2021-06-28,2021-07-19,199.02
434,John Harris,john.harris@company.com,39.556526290814695,2020-07-10,2020-10-13,204.19
435,Jane Brown,jane.brown@yahoo.com,56.00732901477123,2021-08-02,2022-03-19,111.06
436,Julia Anderson,julia.anderson@company.com,47.007952461900125,2021-09-28,2022-08-16,47.19
437,Sarah Davis,sarah.davis@hotmail.com,38.884381304178795,2022-12-18,2023-08-11,2.27
438,David Garcia,david.garcia@company.com,31.541934246141594,2021-05-10,2022-02-10,355.16
439,Jane Taylor,jane.taylor@company.com,39.95339303388711,2023-07-25,2024-01-14,160.22
440,John Taylor,john.taylor@,13.080079795889318,2023-07-25,,0.0
441,Tom Brown,tom.brown@hotmail.com,36.69208975638844,2020-09-29,2021-02-01,365.84
442,Anna Johnson,anna.johnson@hotmail.com,27.220276758275656,2022-10-28,2023-07-16,18.21
443,Sam Wilson,sam.wilson@outlook.com,25.108123855245463,2024-07-18,2024-11-19,24.0
444,Sophie Johnson,sophie.johnson@outlook.com,37.19672264447445,2024-03-16,2024-10-03,3588.31
445,Chris Harris,chris.harris@hotmail.com,19.77079934356305,2021-05-31,,0.0
446,David Moore,david.moore@gmail.com,23.540136225360314,2021-11-19,2022-06-13,4.66
447,Alex Johnson,alex.johnson@company.com,35.44109871859316,2020-12-04,2021-06-10,133.62
448,Mike Davis,mike.davis@hotmail.com,40.08420319552586,2023-03-05,2023-04-16,270.52
449,Anna Anderson,anna.anderson@yahoo.com,35.001188262221845,2023-03-05,,0.0
450,Julia Anderson,julia.anderson@outlook.com,44.40757097467096,2023-09-10,2023-12-26,3.1
451,Chris Smith,chris.smith@company.com,44.289498808138546,2023-09-23,2024-07-28,50.64
452,John Garcia,john.garcia@yahoo.com,42.57150892427496,2023-01-23,2023-02-16,36.69
453,Jane Martin,jane.martin@hotmail.com,24.009231274403362,2023-03-15,,0.0
454,Alex Moore,alex.moore@yahoo.com,21.338178920747808,2023-06-08,,0.0
455,Julia Davis,julia.davis@company.com,45.91772266944287,2021-05-09,2021-05-12,8.04
456,Tom Martin,tom.martin@outlook.com,17.42477524099251,2024-07-28,2025-05-31,151.45
457,David White,david.white@gmail.com,15.546566275325844,2021-03-12,2021-03-15,6.73
458,David Jackson,david.jackson@gmail.com,31.09129067915494,2020-12-10,2021-12-06,76.69
459,Lisa Johnson,lisa.johnson@yahoo.com,39.78132636028018,2024-08-12,,0.0
460,Alex Moore,alex.moore@outlook.com,200.0,2022-03-30,2022-05-03,20.2
461,Chris Wilson,chris.wilsongmail.com,40.24677317056449,2021-08-10,2021-12-08,1.14
462,Unknown Customer,unknown@email.com,32.526505912968304,2024-05-18,2024-07-26,23.16
463,Alex Moore,alex.moore@outlook.com,44.12386250419829,2023-07-16,2024-03-29,22.19
464,Jane Harris,jane.harris@yahoo.com,37.00444400871626,2020-09-24,2020-11-10,151.02
465,David Taylor,david.taylor@company.com,40.008741568807004,2020-02-02,2020-07-31,155.1
466,John Jackson,john.jackson@outlook.com,47.21223695283631,2024-05-04,2024-09-07,4.45
467,Julia Jackson,julia.jackson@hotmail.com,44.2430053756528,2021-01-27,2021-10-02,66.0
468,Jane Harris,jane.harris@hotmail.com,33.061328196489335,2022-08-03,2023-01-26,21.74
469,John Brown,@john.brown.com,27.501482986813397,2024-06-23,2024-09-05,64.6
470,Mike Jackson,mike.jackson@company.com,49.54590426260397,2022-12-15,2023-10-03,51.23
471,Mark Anderson,mark.anderson@gmail.com,29.082261730950215,2020-03-07,2020-06-27,26.61
472,Sarah Smith,sarah.smith@hotmail.com,26.885105501090912,2022-04-14,2022-08-02,264.64
473,Emma Brown,emma.brown@gmail.com,21.86762242939828,2024-06-17,2024-09-11,8.0
474,Chris Anderson,chris.anderson@,24.912710870364275,2022-08-14,2023-07-05,16.4
475,David Anderson,david.anderson@hotmail.com,43.99939964781495,2024-05-08,2025-04-28,320.42
476,Sarah Davis,sarah.davis@company.com,21.100568043607947,2021-07-06,2021-10-26,33.34
477,Sarah White,@sarah.white.com,14.821074802790715,2024-07-21,2025-05-08,107.44
478,Mark Martin,mark.martin@hotmail.com,55.21218219349977,2021-08-20,2022-02-04,82.79
479,Alex Jackson,alex.jackson@gmail.com,47.00026058111387,2022-06-04,2022-12-11,80.87
480,Alex Thomas,alex.thomas@outlook.com,31.61837143175931,2023-05-09,2023-11-21,26.53
481,John Thomas,john.thomas@company.com,36.18198017629617,2024-02-12,2024-12-20,9.81
482,Emma Jackson,emma.jackson@outlook.com,38.07466203298374,2022-01-26,2022-06-22,34.99
483,Mike Brown,mike.brown@gmail.com,40.80127870316047,2023-04-09,2023-04-20,75000.0
484,Anna Harris,anna.harris@company.com,6.711989304806254,2022-12-18,2023-07-25,34.83
485,Lisa Johnson,lisa.johnson@yahoo.com,28.820617632474274,2020-09-16,2021-09-13,683.92
486,David Harris,david.harris@gmail.com,25.810280239295462,2020-04-04,,0.0
487,John Martin,john.martingmail.com,34.58573840202427,2020-09-10,2021-02-08,233.87
488,Alex Taylor,alex.taylor@yahoo.com,37.67709470071873,2021-12-28,2022-04-14,77.8
489,Anna Garcia,anna.garcia@gmail.com,50.149878738523405,2020-03-09,2020-12-10,304.68
490,Mike Anderson,mike.anderson@company.com,48.75413912845832,2024-05-27,,0.0
491,John Taylor,john.taylor@hotmail.com,33.824162639351705,2023-05-16,2024-02-17,368.91
492,Lisa Anderson,lisa.anderson@outlook.com,33.166266595191686,2020-09-22,2020-10-05,280.61
493,Alex Harris,alex.harris@hotmail.com,53.09896883822002,2023-05-15,2023-07-01,50.04
494,Sophie Thomas,sophie.thomas@yahoo.com,19.04977839986141,2023-08-04,2023-12-28,11.19
495,Sam Jackson,sam.jackson@company.com,34.26573874665174,2021-09-13,2022-01-16,199.71
496,John Taylor,john.taylor@yahoo.com,23.334171221568063,2020-07-28,2021-05-01,81.13
497,Lisa Jackson,lisa.jackson@yahoo.com,46.787833793065325,2020-06-02,2021-05-15,11.34
498,Sam Wilson,sam.wilson@company.com,35.001188262221845,2023-10-08,,0.0
499,Mike Anderson,mike.anderson@hotmail.com,63.18890944040909,2023-01-05,2023-04-26,68.22
500,Chris Martin,chris.martin@outlook.com,26.407478764689916,2024-02-20,2024-03-21,110.64
501,Julia Davis,julia.davis@hotmail.com,200.0,2024-01-18,2024-08-17,73.42
502,Jane White,@jane.white.com,35.775452374166385,2022-11-04,2022-12-01,1.94
503,John Garcia,john.garcia@gmail.com,14.994123953871735,2021-06-25,2022-01-26,124.64
504,Mike Harris,mike.harris@hotmail.com,35.798219287528156,2023-09-16,2024-06-01,31.75
505,Jane Brown,jane.brown@company.com,27.415270905355293,2022-04-07,2022-08-05,42.95
506,Emma Jackson,emma.jackson@company.com,43.25479961595092,2024-01-12,2024-05-19,150.48
507,Anna Taylor,anna.taylor@yahoo.com,54.6887472920664,2022-06-07,2022-11-30,0.68
508,John Davis,john.davis@yahoo.com,28.301497606018163,2020-09-15,2021-08-01,9.82
509,Alex Martin,alex.martin@company.com,32.815106358896884,2020-05-22,2020-07-11,367.78
510,Tom Jackson,tom.jackson@company.com,25.71529784588485,2022-01-16,2022-03-26,45.71
511,Jane Taylor,jane.taylorgmail.com,53.456785233265634,2020-03-30,2020-04-15,194.89
512,Jane Garcia,jane.garcia@gmail.com,37.14386577215495,2021-04-25,2022-04-17,144.37
513,Unknown Customer,unknown@email.com,40.221012775595284,2021-11-03,2022-03-15,78.96
514,Jane Brown,jane.brown@,35.37110501338999,2024-06-01,2025-02-04,44.11
515,Julia Davis,julia.davisgmail.com,29.82623740181675,2022-02-20,2023-01-12,110.95
516,John Martin,john.martingmail.com,34.083324364798,2024-02-19,2024-03-28,75.71
517,Unknown Customer,unknown@email.com,33.229765224583325,2021-11-17,2022-10-01,6.62
518,Emma Harris,emma.harris@company.com,37.128550050973615,2021-11-17,,0.0
519,Sophie Garcia,sophie.garcia@hotmail.com,9.801521213371439,2021-08-29,,0.0
520,Chris Davis,chris.davis@outlook.com,25.192594999603074,2022-12-12,2023-01-17,4.22
521,Julia Smith,julia.smith@hotmail.com,44.309427881518644,2021-05-17,2021-05-21,95.32
522,Julia Anderson,julia.anderson@gmail.com,46.66508982507754,2022-04-01,2022-05-13,14.57
523,Sarah Johnson,sarah.johnson@yahoo.com,50.641201298188854,2020-06-13,2020-10-05,279.68
524,Alex Smith,alex.smith@company.com,21.701034167385618,2022-12-29,2023-06-21,4.37
525,Sam Thomas,sam.thomas@hotmail.com,54.128985583422136,2023-10-20,2024-07-23,231.07
526,Alex Anderson,alex.anderson@gmail.com,38.08916091269616,2023-08-22,2023-10-30,187.07
527,Mark Jackson,mark.jackson@hotmail.com,23.350872039169392,2023-07-04,2024-02-19,65.17
528,David White,david.white@outlook.com,43.65311355783315,2023-07-04,,0.0
529,Chris Anderson,chris.anderson@company.com,31.06261600197749,2022-09-15,2022-10-21,2.34
530,Emma White,emma.white@gmail.com,30.714713693012975,2024-04-22,2024-09-18,38.51
531,Jane Thomas,jane.thomas@yahoo.com,32.06378589399043,2021-08-09,2021-10-20,162.55
532,Sarah White,sarah.white@hotmail.com,35.94551621849415,2023-12-29,,0.0
533,Tom Moore,tom.moore@gmail.com,35.001188262221845,2022-02-14,2022-11-23,1.43
534,Tom Garcia,tom.garcia@yahoo.com,37.008349442140435,2024-01-19,2024-10-23,187.48
535,Jane Thomas,jane.thomas@gmail.com,49.42467921279139,2022-06-16,2022-10-01,10.97
536,John Jackson,john.jackson@outlook.com,-5.0,2022-04-17,2023-02-04,5.42
537,Lisa Wilson,lisa.wilson@hotmail.com,42.10448284040759,2021-08-24,2021-08-25,184.56
538,Sam Taylor,sam.taylor@gmail.com,53.109572160854604,2021-06-23,2021-12-20,39.46
539,Mike Davis,mike.davis@gmail.com,42.26727479157576,2020-01-24,2020-09-15,102.87
540,Tom White,tom.white@gmail.com,17.191320020907977,2024-02-17,2025-01-19,67.03
541,Jane Johnson,jane.johnson@yahoo.com,32.4983814735151,2020-08-10,2020-09-06,31.86
542,Emma Brown,emma.brown@hotmail.com,49.479297858366984,2022-03-10,2022-06-09,2.54
543,Lisa Martin,lisa.martin@yahoo.com,16.67398572092423,2024-01-13,2024-11-30,123.95
544,Sam Thomas,sam.thomas@gmail.com,29.916817019261874,2021-05-06,2021-12-11,173.51
545,Julia Wilson,julia.wilson@hotmail.com,18.61259114971821,2021-05-06,,0.0
546,Alex Anderson,alex.anderson@,27.43970024559327,2021-02-23,,0.0
547,Anna Martin,anna.martin@outlook.com,43.78346603011815,2021-10-10,2022-02-02,90.13
548,Alex Johnson,alex.johnson@hotmail.com,40.93646784530039,2023-07-02,2023-11-21,110.49
549,Alex Anderson,alex.anderson@gmail.com,39.601220376843735,2023-12-11,2024-07-05,69.88
550,Mark White,mark.white@company.com,36.85392398714301,2020-06-22,2020-10-12,38.95
551,Anna Moore,anna.moore@gmail.com,35.001188262221845,2021-03-20,2022-03-02,356.69
552,David Jackson,david.jackson@yahoo.com,30.96136892146192,2023-09-23,2024-03-26,430.31
553,David Harris,david.harris@outlook.com,46.24480250122438,2021-06-10,2022-01-17,885.56
554,Anna Wilson,anna.wilson@hotmail.com,27.930917329623185,2023-07-16,2023-11-10,3.82
555,Jane Anderson,jane.anderson@hotmail.com,48.007051598427296,2020-07-06,2020-09-14,628.25
556,Julia Martin,julia.martingmail.com,54.249095041726875,2021-12-11,2022-04-22,72.04
557,Mike Anderson,mike.anderson@yahoo.com,32.59430469010546,2020-10-14,2021-01-11,24.63
558,Emma White,emma.white@outlook.com,13.795875619933398,2021-05-13,2021-09-21,8.82
559,John Moore,john.moore@company.com,38.89110555242237,2020-10-29,,0.0
560,Emma Harris,emma.harris@gmail.com,62.3389168469873,2021-03-13,2021-06-21,174.86
561,Mark Thomas,mark.thomas@hotmail.com,35.20946558303187,2022-04-12,2022-06-08,118.12
562,Tom Thomas,tom.thomas@company.com,18.870766205811037,2024-03-20,2024-08-11,101.79
563,Sarah White,sarah.white@company.com,27.764421198174084,2024-03-06,2024-10-10,120.75
564,Chris Wilson,chris.wilson@hotmail.com,38.814900609148104,2023-01-29,2023-03-25,146.03
565,Sophie Thomas,sophie.thomas@hotmail.com,47.421546994120796,2021-11-05,2022-04-10,884.12
566,Unknown Customer,unknown@email.com,40.34677497532988,2020-05-17,2021-04-11,85.48
567,Sophie White,sophie.white@gmail.com,36.16011345368279,2020-08-15,2021-08-14,141.58
568,Chris Johnson,chris.johnson@outlook.com,31.11280998857338,2022-04-07,2022-12-13,31.61
569,Julia Martin,julia.martin@yahoo.com,39.84124235445549,2024-03-22,2024-10-19,1138.69
570,Chris Johnson,chris.johnson@hotmail.com,25.739465357833517,2023-05-19,2024-04-24,5.01
571,Julia White,julia.white@hotmail.com,35.945332734396004,2023-11-21,2024-07-30,395.1
572,John Anderson,john.anderson@hotmail.com,47.64705093687744,2022-02-07,,0.0
573,Anna Anderson,anna.anderson@outlook.com,40.10713104155356,2023-11-05,2024-01-10,92.38
574,Lisa Brown,lisa.brown@outlook.com,48.29651430059881,2020-09-16,2020-12-31,43.57
575,Sophie Thomas,sophie.thomas@outlook.com,30.125090613565668,2023-08-24,2024-02-16,9.48
576,Sam Harris,sam.harris@hotmail.com,27.59802947453275,2022-03-06,2022-04-17,184.25
577,Julia Wilson,julia.wilson@outlook.com,27.51979183651686,2024-01-02,,0.0
578,Sarah Davis,sarah.davis@gmail.com,39.0606083217337,2022-09-09,2022-09-17,17.75
579,Jane Davis,jane.davis@outlook.com,38.85051813421492,2023-03-13,2023-04-25,305.32
580,John Harris,john.harris@hotmail.com,35.001188262221845,2022-08-22,2023-03-20,49.05
581,Sophie Moore,sophie.moore@yahoo.com,33.02526836452791,2022-04-24,,0.0
582,Sophie Anderson,sophie.anderson@hotmail.com,40.84766284453994,2020-11-20,,0.0
583,Unknown Customer,unknown@email.com,47.86315838254157,2023-10-03,2024-02-17,6.05
584,Sam Martin,sam.martin@hotmail.com,33.49790685940203,2020-02-13,2020-12-30,72.83
585,Mark Brown,@mark.brown.com,45.16258524661897,2022-07-10,2022-09-19,62.9
586,Anna Taylor,anna.taylor@gmail.com,26.97985766183838,2023-11-26,2024-06-13,1344.17
587,John Moore,john.moore@hotmail.com,34.26709194377149,2024-05-10,2024-09-25,311.85
588,Mike White,mike.white@company.com,38.144801709040706,2022-12-18,2023-07-19,769.26
589,Sophie Johnson,sophie.johnson@company.com,11.605259386947594,2023-10-08,2024-01-17,199.26
590,Tom Davis,tom.davis@yahoo.com,51.43641329185022,2023-06-12,2023-12-14,8.64
591,Tom Thomas,tom.thomas@yahoo.com,21.967345014582964,2021-06-13,2022-01-13,226.65
592,Chris Martin,chris.martin@yahoo.com,39.20444259663606,2024-08-29,2025-01-02,29.9
593,Sarah Johnson,sarah.johnson@yahoo.com,24.868111553803143,2021-07-19,,0.0
594,Sarah Moore,sarah.moore@gmail.com,13.6260990264124,2020-03-16,2020-06-12,26.8
595,Mike Smith,mike.smith@yahoo.com,8.234383770506492,2020-11-12,2021-06-11,163.91
596,Emma Harris,emma.harris@gmail.com,49.081307319589335,2020-01-25,2020-04-25,25.28
597,Sam Wilson,sam.wilson@outlook.com,31.72946334365829,2021-08-18,2022-02-25,525.41
598,Lisa Brown,@lisa.brown.com,41.622631661865846,2022-06-18,2022-11-03,5.22
599,Mike White,mike.white@gmail.com,43.16276250101155,2022-10-09,,0.0
600,Anna Moore,anna.moore@yahoo.com,24.4608409661184,2020-01-01,,0.0
601,Tom Brown,tom.brown@yahoo.com,36.19864345291055,2023-01-14,2024-01-05,58.48
602,Unknown Customer,unknown@email.com,48.796064226544964,2023-11-25,2024-07-12,60.53
603,Anna Johnson,anna.johnson@yahoo.com,35.001188262221845,2024-06-28,,0.0
604,Mark Anderson,mark.anderson@hotmail.com,38.55892326236366,2023-06-27,2023-07-17,11.97
605,Alex Smith,alex.smithgmail.com,48.13605963656332,2024-04-27,2024-09-09,33.38
606,Emma White,emma.white@,14.4961490342885,2024-07-04,2025-03-30,29.04
607,Sarah Taylor,sarah.taylor@outlook.com,53.688521808842914,2023-07-03,2023-07-19,5.26
608,Anna Wilson,anna.wilson@hotmail.com,41.244556710621424,2023-03-13,,0.0
609,Sophie Brown,sophie.brown@company.com,39.59698588453783,2024-08-26,2025-07-19,18.57
610,Sam Thomas,@sam.thomas.com,25.34288784057513,2020-10-24,2020-11-25,47.19
611,Unknown Customer,unknown@email.com,57.40669045174778,2020-09-27,2020-10-22,42.59
612,Julia Harris,julia.harris@hotmail.com,49.91881196575356,2024-01-30,2024-03-29,179.78
613,Alex Moore,alex.moore@gmail.com,42.652633966183,2021-12-06,2022-10-16,440.6
614,Anna Moore,anna.moore@gmail.com,40.398802752912715,2024-09-14,,0.0
615,David Johnson,david.johnson@hotmail.com,35.94683397373476,2021-05-05,2021-07-01,35.79
616,Mark Martin,mark.martin@company.com,29.463533423038527,2022-06-08,2022-08-01,9.62
617,David Johnson,david.johnson@hotmail.com,45.36735964723843,2022-01-15,2022-12-23,110.83
618,Jane Garcia,jane.garcia@yahoo.com,34.85931796148968,2022-01-15,,0.0
619,Lisa White,lisa.white@hotmail.com,20.161755963839937,2021-10-07,2022-08-07,46.65
620,John Harris,john.harris@company.com,43.10611997215742,2020-12-29,2021-10-29,264.62
621,Emma White,emma.white@outlook.com,28.90720036124292,2020-05-25,2020-05-31,48.63
622,Emma Thomas,emma.thomas@gmail.com,12.687040088644881,2024-01-20,,0.0
623,Alex Garcia,alex.garcia@,45.422118405434055,2024-01-20,,0.0
624,Lisa Moore,lisa.moore@.com,11.53166111214806,2021-05-05,2022-02-08,62.28
625,John Jackson,john.jackson@gmail.com,38.519299583123775,2023-08-12,2023-08-25,43.95
626,Jane Harris,jane.harris@gmail.com,26.08670186565549,2024-09-25,,0.0
627,John Smith,john.smith@gmail.com,36.81046245530564,2023-05-29,2023-10-30,551.67
628,Julia Smith,julia.smith@yahoo.com,39.56368210881853,2023-12-30,,0.0
629,Sophie Moore,sophie.moore@gmail.com,51.302994435413936,2020-08-31,2021-06-19,71.06
630,Lisa Taylor,lisa.taylor@hotmail.com,30.749854933571587,2022-11-15,2023-06-17,306.84
631,Sophie Johnson,sophie.johnson@hotmail.com,51.159721177213775,2022-11-06,,0.0
632,Sophie Taylor,sophie.taylor@company.com,19.865457777772292,2021-04-27,2022-01-05,35.41
633,Emma White,emma.white@outlook.com,46.671411712492905,2024-03-05,2024-04-05,150.53
634,Mark Moore,mark.moore@outlook.com,33.67357283590782,2023-05-15,2023-08-04,188.73
635,Alex Taylor,alex.taylor@gmail.com,48.085816698891676,2022-05-28,2023-01-17,37.12
636,Alex Johnson,alex.johnson@hotmail.com,49.398505805368195,2022-04-09,2022-05-15,204.0
637,Emma Johnson,emma.johnson@gmail.com,32.81729697783953,2022-01-28,2022-12-18,5.38
638,Sarah Garcia,sarah.garcia@gmail.com,36.65828764140818,2023-04-11,2023-04-20,86.86
639,Sam Taylor,sam.taylor@outlook.com,14.331879717562568,2023-07-31,2024-05-27,156.42
640,Sarah Moore,sarah.moore@gmail.com,11.800519140013122,2022-05-19,2023-01-11,19.58
641,Sophie Brown,sophie.brown@outlook.com,36.58623763417864,2024-04-05,2024-04-27,27.39
642,Unknown Customer,unknown@email.com,33.62339451050505,2022-09-28,2023-07-29,11.01
643,Julia White,@julia.white.com,37.79445569288301,2023-09-24,2024-05-11,12.6
644,Anna Taylor,anna.taylor@company.com,43.64926501805861,2020-11-28,2021-06-24,16.61
645,Alex Martin,alex.martingmail.com,52.39824223728019,2021-12-05,2022-02-08,202.18
646,Mike Taylor,mike.taylor@,17.886531574865884,2021-08-22,2022-06-19,18.05
647,Tom Anderson,tom.anderson@yahoo.com,54.547258707722904,2021-05-17,2021-10-16,2.93
648,David Taylor,david.taylor@yahoo.com,200.0,2020-10-29,2021-09-23,126.1
649,Unknown Customer,unknown@email.com,15.70526232285117,2024-09-15,2025-02-25,3.22
650,Lisa Johnson,lisa.johnson@yahoo.com,35.001188262221845,2020-07-13,,0.0
651,David Anderson,david.anderson@hotmail.com,55.77021855043968,2021-10-08,,0.0
652,Mike Harris,mike.harris@company.com,24.980595580547867,2021-10-08,,0.0
653,Mike Martin,mike.martin@hotmail.com,35.88339811554437,2021-02-16,,0.0
654,Sam Smith,sam.smith@gmail.com,33.34803403567659,2021-03-04,2022-01-07,52.7
655,John Garcia,john.garcia@hotmail.com,30.083789729383664,2024-02-13,2024-11-15,36.17
656,Sophie Martin,sophie.martin@hotmail.com,32.11234334755915,2023-10-06,,0.0
657,David Davis,david.davis@gmail.com,39.8520257315673,2022-07-04,2022-07-10,33.11
658,Julia Davis,julia.davis@hotmail.com,24.052460441806964,2020-03-21,2020-11-30,6.49
659,Jane Smith,jane.smith@gmail.com,26.20966779407273,2021-10-02,2022-07-24,105.23
660,Alex Davis,alex.davis@gmail.com,34.66060821551466,2022-01-26,2022-05-13,17.71
661,Unknown Customer,unknown@email.com,21.960056107652964,2024-02-13,2024-07-30,0.49
662,Sarah Johnson,sarah.johnson@gmail.com,35.001188262221845,2020-12-21,2021-03-13,179.58
663,Sarah Moore,@sarah.moore.com,30.27736552101033,2024-07-02,2024-07-14,114.56
664,Mike Brown,mike.brown@company.com,45.91994938545479,2024-06-02,2025-03-23,415.47
665,Tom Harris,tom.harris@hotmail.com,39.026314707496546,2021-03-14,2021-05-31,66.51
666,Jane Anderson,jane.anderson@yahoo.com,32.5344197644553,2020-07-23,2020-11-02,128.71
667,John Brown,john.brown@yahoo.com,35.001188262221845,2022-08-23,2023-06-19,23.16
668,Sarah Garcia,sarah.garcia@company.com,10.817796027707153,2023-07-27,2023-10-12,3.38
669,Anna Garcia,anna.garcia@yahoo.com,27.135469807187782,2020-09-22,,0.0
670,Chris Wilson,chris.wilson@hotmail.com,42.36955135340531,2023-12-27,2024-07-23,17.71
671,Tom Thomas,tom.thomas@company.com,24.569672257380773,2024-01-03,2024-03-27,118.1
672,Anna Martin,anna.martin@company.com,35.001188262221845,2020-06-06,2021-04-06,83.52
673,Emma Taylor,emma.taylor@outlook.com,23.324072039777477,2022-08-27,2022-12-21,37.31
674,Jane Taylor,jane.taylor@gmail.com,58.84005517487971,2024-08-19,2024-10-05,30.03
675,Mark Thomas,mark.thomas@yahoo.com,21.138930914728117,2021-10-20,2022-01-19,10.1
676,Jane Brown,jane.brown@company.com,29.961163965588913,2024-01-26,2024-08-31,36.25
677,Sam Smith,sam.smith@company.com,53.06578741653614,2021-07-03,2022-01-23,34.79
678,Emma Davis,emma.davis@outlook.com,35.001188262221845,2020-09-11,2020-09-13,379.96
679,Sam White,sam.white@hotmail.com,42.382093258264064,2020-04-04,2020-05-31,102.81
680,Lisa Garcia,lisa.garcia@outlook.com,38.10695297051331,2021-04-22,2021-06-19,67.01
681,Tom Jackson,tom.jackson@outlook.com,41.330180189067214,2020-07-08,2020-12-12,77.04
682,Alex Smith,alex.smith@outlook.com,44.53108013794484,2024-04-08,2025-01-22,535.75
683,Emma White,emma.white@hotmail.com,52.601892996857224,2022-04-15,2023-03-10,29.12
684,Alex Moore,alex.moore@gmail.com,22.08793219833307,2020-05-12,2021-02-01,23.47
685,Alex White,alex.white@yahoo.com,-1.0749331373161635,2021-05-24,,0.0
686,David Harris,david.harris@gmail.com,19.15771717001009,2021-02-13,2021-07-27,605.95
687,John Anderson,john.anderson@company.com,32.94513252253942,2023-08-09,2024-03-16,164.78
688,Anna Moore,anna.moore@yahoo.com,31.462490590729644,2023-02-12,2023-09-10,20.99
689,Tom Davis,tom.davis@yahoo.com,35.001188262221845,2020-09-15,,0.0
690,Jane Thomas,jane.thomas@gmail.com,23.75967824227362,2020-10-25,2021-01-19,633.86
691,Sarah Jackson,sarah.jackson@company.com,13.745634018141638,2021-07-14,2022-06-11,33.1
692,Unknown Customer,unknown@email.com,27.29631605237799,2024-03-04,2024-04-20,33.12
693,Lisa Wilson,lisa.wilson@hotmail.com,24.489299394208633,2024-03-04,,0.0
694,David Smith,david.smith@gmail.com,32.7028403692094,2024-01-01,2024-05-26,7.28
695,Julia Harris,julia.harris@yahoo.com,36.82291700871895,2020-08-08,2020-10-13,10.14
696,David Johnson,david.johnson@outlook.com,35.12241765709844,2021-02-14,2022-02-02,234.88
697,Mark Garcia,mark.garcia@hotmail.com,25.40008286365956,2021-04-12,,0.0
698,Jane Martin,jane.martin@gmail.com,31.757260171672545,2020-09-25,2021-02-05,44.94
699,Sam Anderson,sam.anderson@company.com,31.718068393631214,2024-08-25,2025-07-05,52.61
700,Jane Taylor,jane.taylor@outlook.com,47.767321354736765,2023-07-11,2023-07-19,379.92
701,Sarah Taylor,sarah.taylor@company.com,38.73795282426135,2021-07-06,2022-03-31,116.2
702,Unknown Customer,unknown@email.com,24.372052860125223,2021-10-22,2022-01-21,10.26
703,Jane Jackson,jane.jackson@company.com,34.06903050076983,2024-03-17,2024-12-31,321.85
704,Emma Johnson,emma.johnson@outlook.com,35.88835222809487,2020-07-12,2021-07-03,251.76
705,Chris Anderson,chris.anderson@gmail.com,22.04844875984415,2023-09-21,2024-03-26,45.14
706,Lisa Wilson,lisa.wilson@hotmail.com,50.455645994998335,2022-05-04,2022-05-15,8.04
707,Sam Johnson,sam.johnson@hotmail.com,11.275148313075729,2020-07-30,2020-10-03,95.7
708,Chris Jackson,chris.jackson@yahoo.com,48.00959704973361,2024-01-29,,0.0
709,Julia Johnson,julia.johnson@hotmail.com,37.79188645775543,2020-08-08,2021-01-05,13.23
710,Sophie Anderson,sophie.anderson@gmail.com,73.71357990703642,2023-06-26,2024-01-21,37.42
711,John Harris,john.harris@hotmail.com,35.001188262221845,2022-03-26,2022-11-08,41.5
712,Alex Garcia,alex.garcia@hotmail.com,39.55805842874209,2021-05-28,2021-08-21,14.75
713,John Brown,john.brown@outlook.com,33.40805100467216,2022-07-11,2023-05-30,410.85
714,Julia Wilson,julia.wilson@hotmail.com,39.05990226541496,2021-08-12,,0.0
715,Alex Jackson,alex.jackson@gmail.com,29.275511110678153,2024-08-03,,0.0
716,Jane Johnson,jane.johnson@hotmail.com,30.698568728154196,2023-06-13,2023-08-12,20.64
717,Sam Thomas,sam.thomas@yahoo.com,40.39529897251952,2021-05-17,2021-07-24,367.6
718,Alex Martin,alex.martin@yahoo.com,16.15025560233012,2022-06-20,2022-07-30,64.92
719,Tom Thomas,tom.thomas@company.com,41.848337792426534,2024-07-31,2024-10-05,6.82
720,Jane Martin,jane.martin@yahoo.com,43.01026535242809,2023-06-11,,0.0
721,Sarah Moore,@sarah.moore.com,24.99797552338954,2024-07-24,2025-06-26,46.19
722,Jane Johnson,jane.johnson@gmail.com,24.404057317989405,2022-08-27,2023-03-30,401.51
723,Chris Brown,chris.brown@company.com,35.001188262221845,2020-11-03,2021-04-01,43.65
724,John Anderson,john.anderson@yahoo.com,22.514434752568658,2020-06-10,2020-09-25,19.38
725,Chris Thomas,chris.thomas@company.com,23.858287635493376,2020-03-01,2020-03-10,233.48
726,John Harris,john.harris@gmail.com,35.001188262221845,2022-12-30,2023-10-06,16.58
727,Sam Wilson,sam.wilson@yahoo.com,33.53078224635904,2021-04-10,2022-01-25,0.79
728,Tom Thomas,tom.thomas@company.com,31.716202547863848,2023-05-29,2024-04-28,35.72
729,John Brown,john.brown@gmail.com,29.13489947144676,2021-06-16,2021-08-06,50.65
730,Sophie White,sophie.white@hotmail.com,28.43570898788408,2020-03-22,2020-09-05,36.44
731,Julia Garcia,julia.garcia@company.com,33.81658827631328,2024-03-25,2024-05-09,60.57
732,Julia Thomas,julia.thomas@yahoo.com,38.05496519172273,2023-07-10,2024-04-19,42.26
733,Sophie Anderson,sophie.anderson@gmail.com,48.26766212049334,2023-04-30,2023-05-27,14.29
734,Lisa Harris,lisa.harris@gmail.com,40.42787879557977,2020-01-26,2020-12-28,31.63
735,Unknown Customer,unknown@email.com,8.799812978842668,2021-05-22,2021-07-23,117.74
736,Anna Wilson,anna.wilson@gmail.com,29.68015075668571,2020-08-16,2020-12-15,356.38
737,David Harris,david.harris@gmail.com,33.068763742411164,2022-11-24,2023-08-28,9.17
738,Mark Taylor,mark.taylor@hotmail.com,42.61884573901919,2024-05-30,2024-09-22,11.62
739,Jane Harris,jane.harris@company.com,63.69865785189751,2022-01-30,2022-02-12,148.79
740,Tom Wilson,tom.wilson@yahoo.com,27.95573817978549,2024-05-11,2024-10-21,754.99
741,Chris Wilson,chris.wilson@hotmail.com,40.953108056922474,2022-11-01,2023-04-26,22.96
742,Alex Davis,alex.davisgmail.com,29.44850455938018,2024-06-15,2025-05-05,13.55
743,Sam Davis,sam.davis@yahoo.com,32.21570587500034,2023-03-05,2023-12-05,298.36
744,Lisa Brown,lisa.brown@yahoo.com,34.87186562880028,2020-03-26,2021-02-11,278.51
745,Tom Davis,tom.davisgmail.com,18.719143192925692,2023-09-09,,0.0
746,Sarah Garcia,sarah.garcia@gmail.com,34.21403502992329,2024-07-19,2024-10-14,2.38
747,Sam Harris,sam.harris@outlook.com,15.759849084095078,2022-11-10,2023-07-27,4.28
748,Sophie Davis,sophie.davis@gmail.com,22.20539934747557,2023-02-02,2023-07-30,11.23
749,Jane Smith,jane.smithgmail.com,63.54810816082511,2023-02-02,,0.0
750,Sophie Thomas,sophie.thomas@outlook.com,19.317801710539875,2021-06-11,2022-05-21,158.45
751,Chris Harris,chris.harris@hotmail.com,31.414155350892095,2022-01-31,2022-08-21,52.34
752,Tom Taylor,@tom.taylor.com,53.88094577031015,2023-01-03,,0.0
753,John Jackson,john.jackson@hotmail.com,41.697640676317384,2022-03-04,2022-09-14,77.47
754,Emma Davis,emma.davis@outlook.com,-1.5733277487231607,2020-11-14,2020-12-19,483.91
755,Lisa Taylor,lisa.taylor@outlook.com,29.91397493720748,2021-11-28,2022-08-18,5.59
756,Anna Anderson,@anna.anderson.com,31.88028813598119,2022-04-26,2023-01-30,19.92
757,Sam White,sam.white@hotmail.com,24.568345505509523,2020-02-11,2020-04-27,91.04
758,Unknown Customer,unknown@email.com,37.603673480442474,2024-03-10,2024-03-20,166.6
759,David Moore,david.moore@yahoo.com,23.629826316183298,2023-07-12,2024-04-17,27.51
760,Sophie Thomas,sophie.thomas@gmail.com,46.73600629005872,2022-08-26,2023-04-17,12.8
761,Emma Jackson,emma.jackson@outlook.com,16.84233469829828,2024-05-02,2025-02-21,270.3
762,Sophie Anderson,sophie.anderson@gmail.com,10.346717336148263,2023-01-23,2023-12-11,85.02
763,John Jackson,john.jackson@gmail.com,63.23710938693172,2023-09-21,2023-12-03,6.52
764,Sarah Johnson,sarah.johnson@company.com,41.228746683259104,2023-01-05,2023-08-26,484.38
765,Sarah Harris,sarah.harris@yahoo.com,23.27030435673517,2023-05-29,2023-12-21,105.29
766,Alex Johnson,alex.johnson@hotmail.com,42.797876624873886,2020-11-26,,0.0
767,Sophie Smith,sophie.smith@outlook.com,25.56721880417433,2022-02-09,2022-12-22,191.12
768,David Smith,david.smith@outlook.com,18.05777950013666,2024-07-18,2025-06-22,65.29
769,Jane Smith,jane.smith@outlook.com,32.13484736134102,2022-08-16,2022-11-07,18.29
770,John Moore,john.moore@yahoo.com,25.01010586123242,2022-09-12,2023-06-21,73.58
771,Unknown Customer,unknown@email.com,18.12231195158646,2023-11-22,2024-07-07,336.43
772,Anna Taylor,anna.taylor@hotmail.com,35.001188262221845,2022-01-16,2022-07-10,36.09
773,Sophie Thomas,sophie.thomas@yahoo.com,49.611603076792655,2021-03-30,2022-01-07,12.86
774,Tom Thomas,tom.thomas@company.com,23.972561370094134,2020-11-08,2020-12-28,2606.03
775,Jane Brown,jane.brown@yahoo.com,26.410390847102736,2022-04-13,2023-03-16,70.93
776,Jane Brown,jane.brown@company.com,32.07032100428803,2022-03-28,,0.0
777,Tom Taylor,tom.taylor@hotmail.com,23.534162032745673,2021-06-11,2021-06-24,72.23
778,Mark Taylor,mark.taylor@company.com,39.431972253873575,2020-02-11,2020-09-22,38.8
779,Julia Brown,julia.brown@outlook.com,14.426551355298116,2020-10-04,2021-01-02,89.45
780,Lisa Jackson,lisa.jackson@hotmail.com,36.88213092429774,2020-03-06,2020-04-10,0.92
781,Tom Garcia,tom.garcia@gmail.com,42.89523551303691,2022-10-16,2023-08-18,190.55
782,David Smith,david.smith@yahoo.com,47.54934981922838,2021-02-12,2021-02-15,133.92
783,Alex Anderson,alex.anderson@yahoo.com,31.411940455010487,2023-12-01,2024-05-13,282.64
784,Lisa Thomas,lisa.thomas@gmail.com,28.889986760900452,2021-10-12,,0.0
785,Tom Smith,tom.smith@gmail.com,35.001188262221845,2020-11-19,2021-03-15,73.35
786,Anna Wilson,anna.wilson@hotmail.com,50.17362188813726,2022-09-18,2023-02-07,36.12
787,David Anderson,david.anderson@gmail.com,30.41011809304586,2021-09-26,2021-11-11,291.89
788,Jane Brown,jane.brown@outlook.com,32.59903321031983,2022-12-20,2023-08-15,397.87
789,Tom Jackson,tom.jackson@company.com,27.88997727437693,2023-10-09,2023-12-09,35.24
790,Lisa Johnson,lisa.johnson@yahoo.com,35.001188262221845,2020-09-14,,0.0
791,Jane Moore,jane.moore@outlook.com,22.83958390890411,2021-03-21,2021-11-06,100000.0
792,Jane Taylor,jane.taylor@outlook.com,12.973443070540213,2022-10-20,2023-04-24,15.86
793,Emma Moore,emma.moore@outlook.com,35.02686501109163,2021-03-18,2022-03-10,222.36
794,Sarah Wilson,sarah.wilson@outlook.com,56.19572728467048,2020-09-21,,0.0
795,Sam Thomas,sam.thomas@company.com,200.0,2023-12-05,2024-10-27,223.53
796,Sophie Garcia,sophie.garcia@company.com,28.97460584163146,2022-09-28,2023-07-25,18.76
797,Chris Harris,chris.harris@hotmail.com,35.001188262221845,2024-05-15,2025-02-24,78.77
798,Anna Anderson,anna.anderson@outlook.com,22.91300169852846,2021-10-07,2022-06-25,127.85
799,Julia Martin,julia.martingmail.com,29.482824610034285,2022-06-19,2023-01-02,106.27
800,Mike Anderson,mike.anderson@gmail.com,41.520689934461714,2020-07-09,2020-10-05,35.85
801,Unknown Customer,unknown@email.com,35.03777272287592,2023-04-25,2023-05-21,13.62
802,Emma Harris,emma.harris@hotmail.com,49.759884421264196,2023-01-17,2023-03-18,773.24
803,Julia Wilson,julia.wilson@company.com,42.04714896157012,2022-10-17,2022-12-31,34.63
804,Lisa Johnson,lisa.johnson@company.com,32.53246575628103,2021-09-26,2022-05-20,1087.37
805,John Wilson,john.wilson@yahoo.com,26.122746032324393,2023-10-31,2024-06-16,156.49
806,Lisa Davis,lisa.davis@gmail.com,18.98467271707721,2023-01-27,2023-02-14,30.54
807,Julia Davis,julia.davis@hotmail.com,44.47903666617023,2021-08-04,2022-01-22,33.67
808,Jane Martin,jane.martin@hotmail.com,46.63482830903488,2022-02-22,,0.0
809,David Johnson,david.johnson@hotmail.com,34.38172485770425,2020-01-19,2020-05-24,29.19
810,Alex Smith,alex.smith@yahoo.com,41.03708442348496,2023-01-23,2023-03-02,26.54
811,Sarah Garcia,@sarah.garcia.com,27.131747366462676,2024-06-04,,0.0
812,Sarah Johnson,sarah.johnson@company.com,32.17146506171998,2024-06-26,2025-01-29,330.29
813,Mike Moore,mike.moore@hotmail.com,53.3449742064909,2024-06-26,,0.0
814,Lisa Harris,@lisa.harris.com,34.027448423339074,2023-09-03,2024-03-12,183.09
815,Sophie Harris,sophie.harris@hotmail.com,51.541635529538055,2021-03-18,2021-09-16,38.76
816,Sophie Moore,sophie.moore@.com,36.38989504672335,2024-04-12,2024-11-03,20.11
817,Mike Garcia,mike.garcia@hotmail.com,38.441289348591035,2020-12-25,2021-11-22,269.83
818,Julia Garcia,@julia.garcia.com,33.23353665577283,2024-07-12,2024-11-19,69.43
819,Chris Davis,chris.davis@yahoo.com,37.31116302477566,2024-07-27,2024-09-09,10.25
820,Sam Wilson,sam.wilson@outlook.com,63.70531562328791,2021-07-16,2022-07-09,2.21
821,Unknown Customer,unknown@email.com,33.62237301489124,2021-04-16,2022-02-28,40.66
822,Mike Johnson,@mike.johnson.com,41.80126071421016,2024-09-14,2025-06-13,79.97
823,Jane Jackson,jane.jackson@yahoo.com,43.53692695358595,2020-08-22,2021-03-11,112.93
824,Alex Martin,alex.martin@company.com,72.3549224125261,2023-11-18,,0.0
825,Sarah Garcia,sarah.garcia@yahoo.com,13.45228192843982,2023-12-11,2024-04-08,486.01
826,Lisa Garcia,lisa.garcia@outlook.com,31.038917699582754,2021-06-12,2022-04-30,5.55
827,Mike Brown,mike.brown@hotmail.com,26.189200136347544,2020-05-01,2020-05-09,70.52
828,Alex Martin,alex.martin@yahoo.com,33.30164435194583,2023-09-01,2024-01-13,51.82
829,Emma Wilson,emma.wilson@gmail.com,35.10540385877778,2023-08-22,2024-08-11,13.35
830,Unknown Customer,unknown@email.com,32.14780019646819,2022-01-22,2022-05-15,219.04
831,Sarah Martin,sarah.martin@hotmail.com,9.743005931371824,2021-12-12,2022-10-21,38.6
832,Anna Martin,anna.martin@hotmail.com,59.50613492641677,2023-12-10,2024-04-08,50.93
833,Sarah Johnson,sarah.johnson@outlook.com,32.76890622861475,2021-04-24,2021-11-20,17.94
834,Sam Moore,sam.moore@hotmail.com,15.807262853668266,2024-04-19,2024-07-31,67.36
835,Unknown Customer,unknown@email.com,50.45690869822853,2023-04-03,,0.0
836,Unknown Customer,unknown@email.com,35.17410799115185,2022-01-10,2023-01-01,122.26
837,Chris Brown,chris.brown@company.com,43.77200752142578,2024-01-11,2024-11-20,66.33
838,David Brown,david.brown@outlook.com,41.46121948659743,2020-08-04,2021-07-18,173.88
839,Alex Johnson,alex.johnson@yahoo.com,61.22113874043335,2020-09-22,,0.0
840,Jane Martin,jane.martin@gmail.com,26.759415883960457,2022-02-13,2022-03-12,28.49
841,Sam Thomas,sam.thomas@hotmail.com,32.955370815341645,2024-08-27,,0.0
842,Alex Brown,alex.brown@hotmail.com,25.24611691596122,2022-11-01,,0.0
843,Anna Garcia,anna.garcia@yahoo.com,10.106163787804263,2021-12-24,,0.0
844,Chris Harris,chris.harris@hotmail.com,34.735581631948754,2021-12-23,2022-11-10,138.93
845,Sarah Taylor,sarah.taylor@company.com,39.099922783431516,2020-09-24,,0.0
846,David Taylor,@david.taylor.com,31.74422026318043,2023-09-02,2023-11-25,145.23
847,Tom Davis,tom.davis@gmail.com,43.512230173463806,2021-06-29,2021-06-30,117.16
848,Lisa Taylor,lisa.taylorgmail.com,35.2334990662266,2021-06-30,2022-03-18,211.01
849,David Davis,david.davis@outlook.com,30.97707101758368,2024-02-06,2024-07-19,29.45
850,Tom Brown,tom.brown@outlook.com,18.907223440381173,2023-06-11,2023-12-29,24.01
851,Anna Moore,anna.mooregmail.com,34.75327331179391,2020-03-26,2020-08-05,19.07
852,David Martin,david.martin@company.com,38.470204077424704,2023-04-18,2023-11-21,11.61
853,Julia Taylor,julia.taylor@yahoo.com,42.31431254250322,2020-05-28,2020-12-16,23.71
854,Mark Wilson,mark.wilson@.com,16.335515193905092,2022-02-03,2022-06-18,27.12
855,Unknown Customer,unknown@email.com,39.01326217818226,2022-02-04,2022-08-19,19.23
856,Sophie Taylor,@sophie.taylor.com,52.73686278027733,2023-08-25,,0.0
857,Chris Wilson,chris.wilson@outlook.com,46.47554002509615,2022-12-28,2023-05-19,50.13
858,David Jackson,david.jackson@outlook.com,62.89607967023382,2023-01-14,,0.0
859,David Wilson,david.wilson@hotmail.com,13.150876666375805,2021-08-15,,0.0
860,Tom Davis,tom.davis@yahoo.com,26.530718202855617,2023-04-22,2023-10-04,7.84
861,John Harris,john.harris@company.com,33.61868367292113,2022-06-27,2023-01-17,210.93
862,David Davis,david.davis@gmail.com,30.84896805143395,2021-02-02,,0.0
863,David Jackson,david.jackson@outlook.com,25.79763154394537,2023-08-09,2024-08-05,44.43
864,Jane Davis,@jane.davis.com,35.816867230983455,2024-01-10,2024-04-15,79.0
865,Jane Anderson,jane.anderson@hotmail.com,37.97990171019059,2023-12-06,2024-08-08,12.57
866,Tom Davis,tom.davis@.com,35.937412822832194,2022-06-08,2022-11-12,53.69
867,Sophie Wilson,sophie.wilsongmail.com,22.11573609298697,2022-08-17,2022-09-04,112.03
868,John Thomas,john.thomas@outlook.com,35.97299051480989,2023-12-18,2024-01-03,67.87
869,Emma Thomas,emma.thomas@hotmail.com,200.0,2024-07-28,2024-09-22,267.12
870,Jane Harris,jane.harris@company.com,50.081322540330746,2023-02-25,2023-12-06,84.88
871,John Jackson,john.jackson@hotmail.com,34.65969284891151,2021-09-29,2022-01-13,7.41
872,Anna Anderson,anna.anderson@gmail.com,27.94693337000414,2024-05-12,2024-08-20,29.39
873,Mark Taylor,mark.taylor@outlook.com,18.414128368694357,2021-09-11,,0.0
874,Mark Moore,mark.moore@gmail.com,41.58958467158741,2021-08-08,2021-11-02,11.03
875,Sam Smith,sam.smith@gmail.com,35.34609045923974,2022-07-04,,0.0
876,Emma Martin,emma.martin@company.com,19.67773068270703,2023-06-10,2023-08-28,193.2
877,Anna Smith,anna.smith@.com,46.382102519162366,2023-04-20,2023-08-04,52.97
878,Emma Martin,emma.martin@company.com,39.24107028566668,2022-11-18,2023-02-02,294.35
879,Unknown Customer,unknown@email.com,31.674374369117352,2022-04-20,2022-07-10,7.98
880,John Martin,john.martin@gmail.com,25.494482883375962,2020-11-25,,0.0
881,Mike Anderson,mike.anderson@yahoo.com,43.087578307427634,2020-04-04,2020-10-06,31.2
882,Unknown Customer,unknown@email.com,36.06447486853708,2020-12-18,2021-02-27,86.83
883,Emma Jackson,emma.jackson@hotmail.com,37.77835884563452,2022-09-10,2023-02-11,22.77
884,Sarah White,sarah.white@yahoo.com,46.426204921241236,2024-08-06,,0.0
885,Mike Taylor,mike.taylor@.com,30.51918774518293,2021-10-07,2021-11-23,1.02
886,Mike White,mike.white@hotmail.com,26.317040916318852,2020-05-18,2020-10-14,7.79
887,David Garcia,david.garcia@yahoo.com,34.99372971598366,2024-05-15,,0.0
888,Emma Jackson,@emma.jackson.com,37.920725670892345,2024-05-15,,0.0
889,Unknown Customer,unknown@email.com,9.878732537520097,2020-09-11,2021-01-08,412.31
890,Anna Smith,anna.smith@hotmail.com,45.30182206303495,2024-04-04,2025-03-27,213.55
891,Emma Thomas,emma.thomas@gmail.com,45.02729630143964,2020-04-01,2020-12-19,3.61
892,Sam Johnson,sam.johnson@outlook.com,42.54522294908854,2020-02-06,2020-05-19,22.76
893,Unknown Customer,unknown@email.com,30.71154684300085,2020-05-19,,0.0
894,Sarah Garcia,sarah.garcia@hotmail.com,40.89069454569886,2021-11-10,2021-11-18,62.22
895,Alex Jackson,alex.jackson@company.com,29.269710932745564,2023-04-16,,0.0
896,Sam Johnson,sam.johnson@outlook.com,11.63313170394683,2024-06-29,2024-10-14,12.04
897,Sarah Harris,sarah.harris@outlook.com,59.40536978891794,2024-07-21,2024-08-08,26.8
898,Jane Moore,jane.moore@company.com,33.05274661917036,2022-10-25,2023-08-09,7.32
899,Sam Harris,sam.harris@outlook.com,28.077714863397386,2021-10-23,2022-05-26,1004.06
900,Sophie Smith,sophie.smith@outlook.com,35.06303735971411,2021-02-18,,0.0
901,Chris Thomas,chris.thomas@yahoo.com,47.94404909033613,2020-12-08,2021-09-23,62.71
902,Mark Garcia,mark.garcia@hotmail.com,26.130888611858346,2024-06-05,2024-11-10,28.92
903,Alex Johnson,alex.johnson@company.com,19.56853529251462,2020-05-25,2020-06-28,5.27
904,Julia Davis,julia.davis@yahoo.com,44.44566264804168,2023-06-29,2024-01-29,35.73
905,Mike Garcia,mike.garcia@hotmail.com,35.001188262221845,2020-11-06,2021-08-29,28.96
906,Unknown Customer,unknown@email.com,32.46751271102391,2021-07-23,2021-12-11,17.98
907,Sophie Garcia,sophie.garcia@.com,3.931232783738002,2020-12-12,2021-02-13,30.62
908,John Harris,john.harris@gmail.com,59.746550288459076,2024-02-05,2024-12-05,9.3
909,Jane Wilson,jane.wilson@yahoo.com,27.853750515968247,2020-03-12,2021-02-09,256.1
910,David Garcia,david.garcia@yahoo.com,36.70134044829721,2022-07-21,2023-05-01,207.87
911,Emma Garcia,emma.garcia@yahoo.com,18.87714219592527,2020-12-04,2021-06-02,340.76
912,Anna White,anna.white@company.com,30.833632884585708,2021-10-25,,0.0
913,Lisa White,lisa.white@yahoo.com,30.59409776055363,2020-02-09,2020-11-17,4.55
914,Anna Martin,anna.martin@gmail.com,32.79998787799058,2021-07-27,2021-10-12,894.63
915,Jane Martin,jane.martin@company.com,44.071952633323,2021-08-03,2021-08-12,45.23
916,Sarah White,sarah.white@gmail.com,36.04117046694785,2020-06-18,2021-04-21,7.35
917,Sam Brown,sam.brown@yahoo.com,28.120608529076794,2021-05-25,2021-09-24,10.42
918,Anna Martin,anna.martin@yahoo.com,16.92649426773403,2022-09-10,2023-05-18,49.17
919,David Martin,david.martin@gmail.com,34.935302003277606,2020-12-06,2021-04-29,7.18
920,Mike Moore,mike.moore@outlook.com,24.276625980127356,2021-09-10,2021-11-05,6.13
921,Tom Garcia,tom.garcia@outlook.com,18.812579188330886,2024-09-04,,0.0
922,Sam Thomas,sam.thomas@hotmail.com,31.298368001481144,2020-09-03,,0.0
923,Sam Anderson,sam.anderson@outlook.com,20.742219427450266,2020-09-03,,0.0
924,Emma Smith,emma.smith@company.com,35.86199489247997,2021-01-02,2021-06-09,90.93
925,Mike Smith,mike.smith@gmail.com,29.68335920290404,2020-04-17,2020-07-04,22.88
926,Mike Jackson,mike.jackson@hotmail.com,49.64539426609881,2021-02-21,,0.0
927,Alex Jackson,alex.jackson@outlook.com,50.55300138895322,2023-11-22,2023-12-07,26.35
928,Julia Taylor,julia.taylor@outlook.com,29.396692690954158,2023-02-13,2023-07-23,21.11
929,Jane Thomas,jane.thomas@gmail.com,38.16427384483392,2020-09-12,2021-01-03,159.51
930,Alex Davis,alex.davis@hotmail.com,49.66673250025807,2023-02-25,2023-11-05,17.06
931,Sophie Jackson,sophie.jackson@outlook.com,41.89229590749387,2020-08-22,2021-08-04,16.86
932,Anna Smith,anna.smith@hotmail.com,150.0,2020-06-05,,0.0
933,Unknown Customer,unknown@email.com,-5.0,2022-05-06,2022-08-25,985.98
934,David Thomas,david.thomas@company.com,30.616744968709988,2022-11-13,2022-12-31,12.71
935,Mike Taylor,mike.taylor@company.com,30.60164981111512,2022-08-05,2022-11-21,8.12
936,Mike Wilson,mike.wilson@gmail.com,50.729126328360245,2022-08-05,,0.0
937,Sam Martin,sam.martin@hotmail.com,49.95854711877281,2022-06-18,2023-06-12,50.08
938,Sophie Anderson,sophie.anderson@hotmail.com,15.815565658052787,2020-06-14,2020-11-12,23.1
939,Sophie Wilson,sophie.wilson@hotmail.com,35.001188262221845,2022-04-28,2022-12-02,60.24
940,Lisa Anderson,lisa.anderson@company.com,35.001188262221845,2021-12-26,2022-02-09,188.97
941,Sophie Moore,sophie.moore@gmail.com,39.43155771716,2023-05-29,,0.0
942,Anna Thomas,@anna.thomas.com,40.215130023881386,2022-03-08,2022-05-25,40.55
943,John Taylor,john.taylor@yahoo.com,0.2533076002649892,2021-04-10,2022-03-25,66.93
944,Tom Garcia,tom.garcia@outlook.com,33.97951632626162,2020-06-06,,0.0
945,David Jackson,@david.jackson.com,35.001188262221845,2021-10-12,2022-07-08,219.95
946,Sarah Anderson,sarah.anderson@gmail.com,32.62867426373981,2020-08-14,2021-07-15,76.51
947,Jane Garcia,jane.garcia@company.com,15.638487102348414,2020-08-30,2020-11-06,23.17
948,Sam Harris,sam.harris@outlook.com,35.93753004193743,2022-12-04,2023-09-14,232.59
949,John Garcia,john.garcia@company.com,150.0,2021-10-13,2022-06-19,96.65
950,Emma Martin,emma.martin@yahoo.com,29.194726897112005,2020-04-01,2020-09-27,554.75
951,Sophie Moore,sophie.moore@hotmail.com,32.675535442340454,2024-06-15,2025-05-21,319.09
952,Sarah Brown,sarah.browngmail.com,41.48345532842834,2023-07-28,2024-02-25,22.98
953,Sarah Garcia,sarah.garcia@hotmail.com,-5.0,2020-08-25,2021-03-15,58.47
954,Chris Smith,chris.smith@hotmail.com,43.73609417400833,2022-06-20,2023-04-13,42.32
955,Sarah Smith,sarah.smith@company.com,42.96113743185316,2024-06-06,2025-05-10,4.58
956,Mark White,mark.white@gmail.com,53.95679693033469,2023-02-09,2023-06-23,12.14
957,Lisa Martin,lisa.martin@yahoo.com,29.93826584682538,2022-05-19,2023-02-23,957.14
958,Lisa Davis,lisa.davis@gmail.com,20.45573879834705,2020-08-08,2020-12-03,11.51
959,Sam White,sam.white@company.com,38.89948041270057,2024-09-22,2025-08-05,23.37
960,Sam Garcia,sam.garcia@company.com,26.309764808697775,2021-03-13,2021-07-05,100000.0
961,Chris Thomas,chris.thomas@yahoo.com,34.307772765231725,2024-04-29,,0.0
962,David Thomas,david.thomas@company.com,61.6885373442596,2020-01-14,2020-01-29,26.36
963,Sophie Johnson,sophie.johnson@gmail.com,54.651830100789454,2021-05-14,,0.0
964,Mark Smith,mark.smith@outlook.com,51.75596728929823,2024-04-21,2025-04-10,49.14
965,Lisa Martin,lisa.martin@outlook.com,35.619518033725036,2021-05-06,2022-01-06,125.47
966,Mark Martin,mark.martin@company.com,22.33731811851156,2023-11-09,2023-11-28,17.83
967,Mike Jackson,mike.jackson@.com,38.085661589697146,2020-10-26,2021-10-01,2.72
968,Sophie Brown,sophie.brown@gmail.com,51.36761448393036,2021-12-27,2022-06-27,37.98
969,David Davis,david.davis@gmail.com,29.121287238323816,2021-08-24,2022-01-18,5.04
970,Sophie Wilson,sophie.wilson@hotmail.com,25.267218177025708,2023-06-29,2023-12-09,127.2
971,Sophie Davis,sophie.davis@gmail.com,30.665043884868652,2022-05-24,2022-07-10,221.65
972,Unknown Customer,unknown@email.com,57.2951427311322,2020-05-10,,0.0
973,Mike Smith,mike.smith@outlook.com,48.91536306110338,2024-08-04,2024-12-03,40.3
974,Sarah Moore,sarah.moore@gmail.com,19.66240231777801,2020-01-26,2020-06-19,15.61
975,Julia Harris,julia.harris@hotmail.com,38.104521601685995,2020-01-26,,0.0
976,Alex Davis,alex.davis@gmail.com,26.83796717959729,2021-04-28,2021-05-27,14.44
977,Sarah Wilson,sarah.wilson@yahoo.com,35.15917571700768,2020-01-05,2020-10-04,168.18
978,Anna Jackson,anna.jackson@hotmail.com,44.035071983453975,2020-01-05,,0.0
979,Anna Taylor,anna.taylor@gmail.com,44.856807763901124,2023-05-13,2024-03-14,105.84
980,Anna Garcia,anna.garcia@yahoo.com,31.011746317772424,2020-01-11,2020-07-18,158.2
981,Lisa Jackson,lisa.jackson@company.com,47.52615193768494,2023-12-03,2024-06-03,62.31
982,Lisa Harris,lisa.harris@yahoo.com,38.724111439339445,2021-06-23,2021-07-30,22.41
983,Sarah Anderson,sarah.anderson@company.com,26.39344787319848,2021-01-21,2021-05-24,10.04
984,Unknown Customer,unknown@email.com,36.19022107973273,2024-02-07,2025-01-01,309.18
985,Mark Thomas,mark.thomas@gmail.com,55.196707236832786,2020-07-25,2020-10-16,32.4
986,Jane Smith,jane.smith@hotmail.com,47.77028372658621,2021-07-10,2021-08-27,664.16
987,Lisa Johnson,lisa.johnson@gmail.com,31.448579864099337,2022-03-03,2022-03-25,113.22
988,Mark Davis,mark.davis@yahoo.com,35.24510622701704,2022-12-03,2023-10-01,2422.54
989,Chris Wilson,chris.wilson@hotmail.com,23.215383896085278,2022-07-30,2023-04-23,22.37
990,Anna Anderson,anna.anderson@hotmail.com,40.39361334136673,2020-06-24,2020-10-22,868.56
991,Alex Wilson,alex.wilson@hotmail.com,31.038324552263045,2021-08-14,,0.0
992,Jane Wilson,jane.wilson@outlook.com,21.29153010918869,2022-05-05,2022-05-26,916.55
993,Sophie Wilson,sophie.wilson@company.com,21.897167651438068,2023-06-20,2023-11-03,69.9
994,Mike Brown,mike.brown@outlook.com,20.004002624603242,2024-01-20,2024-12-13,15.48
995,Anna Thomas,anna.thomas@gmail.com,20.67803070920567,2024-03-30,,0.0
996,John Johnson,john.johnson@yahoo.com,48.903324400900416,2021-02-22,,0.0
997,Sam Jackson,sam.jackson@yahoo.com,35.001188262221845,2021-10-17,2022-01-12,22.25
998,Lisa Taylor,lisa.taylor@gmail.com,36.39874819090334,2020-08-02,2021-03-31,10.44
999,Emma Martin,emma.martin@outlook.com,36.71491265165808,2021-07-05,2022-03-20,28.27
1000,Anna Jackson,anna.jackson@yahoo.com,60.58124098474596,2021-05-17,2022-02-23,27.63
101,Julia Johnson,julia.johnson@gmail.com,20.63853624288426,2022-04-16,2022-05-13,5.73
793,Emma Moore,emma.moore@outlook.com,35.02686501109163,2021-03-18,2022-03-10,222.36
76,Lisa Taylor,lisa.taylor@gmail.com,28.912743072874253,2023-04-05,2024-02-28,59.73
291,Jane Martin,jane.martin@hotmail.com,25.092155806374294,2024-04-27,2024-11-30,23.69
367,Mike Taylor,mike.taylor@gmail.com,23.177667166551828,2023-12-17,2024-08-19,22.97
236,Alex White,alex.white@company.com,50.35422403712191,2023-07-12,2024-05-16,41.11
285,Mark White,@mark.white.com,38.20182075554482,2022-09-13,2023-01-31,2631.63
323,Tom Moore,tom.moore@yahoo.com,41.25535886016577,2022-04-20,2022-09-04,415.11
878,Emma Martin,emma.martin@company.com,39.24107028566668,2022-11-18,2023-02-02,294.35
677,Sam Smith,sam.smith@company.com,53.06578741653614,2021-07-03,2022-01-23,34.79
689,Tom Davis,tom.davis@yahoo.com,35.001188262221845,2020-09-15,,0.0
443,Sam Wilson,sam.wilson@outlook.com,25.108123855245463,2024-07-18,2024-11-19,24.0
334,Alex Johnson,alex.johnson@gmail.com,42.97643294399732,2022-12-26,2023-09-08,224.88
611,Unknown Customer,unknown@email.com,57.40669045174778,2020-09-27,2020-10-22,42.59
843,Anna Garcia,anna.garcia@yahoo.com,10.106163787804263,2021-12-24,,0.0
205,Sophie Jackson,sophie.jackson@gmail.com,51.80479753754339,2024-02-04,2024-03-04,123.59
769,Jane Smith,jane.smith@outlook.com,32.13484736134102,2022-08-16,2022-11-07,18.29
494,Sophie Thomas,sophie.thomas@yahoo.com,19.04977839986141,2023-08-04,2023-12-28,11.19
648,David Taylor,david.taylor@yahoo.com,200.0,2020-10-29,2021-09-23,126.1
716,Jane Johnson,jane.johnson@hotmail.com,30.698568728154196,2023-06-13,2023-08-12,20.64
